date,store,sku,opening_stock,deliveries,sales,closing_stock
2025-01-01,Harare_Main,Bread_Standard,608,106,156,558
2025-01-01,Harare_Main,Bread_Premium,549,106,101,554
2025-01-01,Harare_Main,Buns_6pk,439,161,72,528
2025-01-01,Harare_Main,Rolls_6pk,548,57,178,427
2025-01-01,Harare_Main,Doughnut,499,136,127,508
2025-01-01,Harare_Main,Cake_Slice,642,153,100,695
2025-01-01,Harare_North,Bread_Standard,670,92,102,660
2025-01-01,Harare_North,Bread_Premium,539,82,95,526
2025-01-01,Harare_North,Buns_6pk,618,186,178,626
2025-01-01,Harare_North,Rolls_6pk,313,150,87,376
2025-01-01,Harare_North,Doughnut,603,194,164,633
2025-01-01,Harare_North,Cake_Slice,639,56,161,534
2025-01-01,Borrowdale,Bread_Standard,342,159,198,303
2025-01-01,Borrowdale,Bread_Premium,369,168,153,384
2025-01-01,Borrowdale,Buns_6pk,393,62,85,370
2025-01-01,Borrowdale,Rolls_6pk,433,147,162,418
2025-01-01,Borrowdale,Doughnut,467,104,118,453
2025-01-01,Borrowdale,Cake_Slice,532,133,77,588
2025-01-01,Avondale,Bread_Standard,472,147,78,541
2025-01-01,Avondale,Bread_Premium,442,157,92,507
2025-01-01,Avondale,Buns_6pk,429,70,110,389
2025-01-01,Avondale,Rolls_6pk,540,54,92,502
2025-01-01,Avondale,Doughnut,683,188,115,756
2025-01-01,Avondale,Cake_Slice,326,139,153,312
2025-01-01,Chitungwiza,Bread_Standard,414,67,93,388
2025-01-01,Chitungwiza,Bread_Premium,699,60,143,616
2025-01-01,Chitungwiza,Buns_6pk,686,57,92,651
2025-01-01,Chitungwiza,Rolls_6pk,426,101,182,345
2025-01-01,Chitungwiza,Doughnut,310,89,171,228
2025-01-01,Chitungwiza,Cake_Slice,422,82,180,324
2025-01-02,Harare_Main,Bread_Standard,542,79,144,477
2025-01-02,Harare_Main,Bread_Premium,588,105,148,545
2025-01-02,Harare_Main,Buns_6pk,538,115,103,550
2025-01-02,Harare_Main,Rolls_6pk,692,144,130,706
2025-01-02,Harare_Main,Doughnut,385,79,164,300
2025-01-02,Harare_Main,Cake_Slice,698,91,130,659
2025-01-02,Harare_North,Bread_Standard,459,77,164,372
2025-01-02,Harare_North,Bread_Premium,596,56,202,450
2025-01-02,Harare_North,Buns_6pk,459,197,88,568
2025-01-02,Harare_North,Rolls_6pk,646,146,178,614
2025-01-02,Harare_North,Doughnut,503,100,175,428
2025-01-02,Harare_North,Cake_Slice,338,112,116,334
2025-01-02,Borrowdale,Bread_Standard,352,127,166,313
2025-01-02,Borrowdale,Bread_Premium,650,80,124,606
2025-01-02,Borrowdale,Buns_6pk,589,60,116,533
2025-01-02,Borrowdale,Rolls_6pk,477,186,135,528
2025-01-02,Borrowdale,Doughnut,519,144,103,560
2025-01-02,Borrowdale,Cake_Slice,335,179,117,397
2025-01-02,Avondale,Bread_Standard,631,137,196,572
2025-01-02,Avondale,Bread_Premium,306,157,117,346
2025-01-02,Avondale,Buns_6pk,550,77,85,542
2025-01-02,Avondale,Rolls_6pk,521,142,89,574
2025-01-02,Avondale,Doughnut,625,167,112,680
2025-01-02,Avondale,Cake_Slice,662,89,112,639
2025-01-02,Chitungwiza,Bread_Standard,522,95,126,491
2025-01-02,Chitungwiza,Bread_Premium,675,183,225,633
2025-01-02,Chitungwiza,Buns_6pk,633,119,124,628
2025-01-02,Chitungwiza,Rolls_6pk,615,187,149,653
2025-01-02,Chitungwiza,Doughnut,696,173,116,753
2025-01-02,Chitungwiza,Cake_Slice,538,161,153,546
2025-01-03,Harare_Main,Bread_Standard,674,118,100,692
2025-01-03,Harare_Main,Bread_Premium,465,112,157,420
2025-01-03,Harare_Main,Buns_6pk,344,121,144,321
2025-01-03,Harare_Main,Rolls_6pk,530,112,138,504
2025-01-03,Harare_Main,Doughnut,684,168,91,761
2025-01-03,Harare_Main,Cake_Slice,591,147,203,535
2025-01-03,Harare_North,Bread_Standard,472,57,110,419
2025-01-03,Harare_North,Bread_Premium,553,133,85,601
2025-01-03,Harare_North,Buns_6pk,393,174,156,411
2025-01-03,Harare_North,Rolls_6pk,408,140,117,431
2025-01-03,Harare_North,Doughnut,432,137,192,377
2025-01-03,Harare_North,Cake_Slice,443,120,167,396
2025-01-03,Borrowdale,Bread_Standard,584,52,184,452
2025-01-03,Borrowdale,Bread_Premium,564,98,186,476
2025-01-03,Borrowdale,Buns_6pk,343,111,214,240
2025-01-03,Borrowdale,Rolls_6pk,668,154,118,704
2025-01-03,Borrowdale,Doughnut,550,192,166,576
2025-01-03,Borrowdale,Cake_Slice,688,111,105,694
2025-01-03,Avondale,Bread_Standard,653,171,149,675
2025-01-03,Avondale,Bread_Premium,630,175,102,703
2025-01-03,Avondale,Buns_6pk,529,54,81,502
2025-01-03,Avondale,Rolls_6pk,347,125,182,290
2025-01-03,Avondale,Doughnut,413,153,113,453
2025-01-03,Avondale,Cake_Slice,654,112,163,603
2025-01-03,Chitungwiza,Bread_Standard,456,198,120,534
2025-01-03,Chitungwiza,Bread_Premium,488,171,76,583
2025-01-03,Chitungwiza,Buns_6pk,583,185,191,577
2025-01-03,Chitungwiza,Rolls_6pk,476,158,114,520
2025-01-03,Chitungwiza,Doughnut,681,190,199,672
2025-01-03,Chitungwiza,Cake_Slice,469,140,87,522
2025-01-04,Harare_Main,Bread_Standard,659,166,172,653
2025-01-04,Harare_Main,Bread_Premium,438,128,155,411
2025-01-04,Harare_Main,Buns_6pk,428,109,158,379
2025-01-04,Harare_Main,Rolls_6pk,361,99,199,261
2025-01-04,Harare_Main,Doughnut,461,80,264,277
2025-01-04,Harare_Main,Cake_Slice,680,187,175,692
2025-01-04,Harare_North,Bread_Standard,690,97,132,655
2025-01-04,Harare_North,Bread_Premium,398,105,152,351
2025-01-04,Harare_North,Buns_6pk,678,173,153,698
2025-01-04,Harare_North,Rolls_6pk,441,200,142,499
2025-01-04,Harare_North,Doughnut,689,184,238,635
2025-01-04,Harare_North,Cake_Slice,605,122,145,582
2025-01-04,Borrowdale,Bread_Standard,351,99,210,240
2025-01-04,Borrowdale,Bread_Premium,451,108,277,282
2025-01-04,Borrowdale,Buns_6pk,484,95,201,378
2025-01-04,Borrowdale,Rolls_6pk,454,53,238,269
2025-01-04,Borrowdale,Doughnut,662,186,117,731
2025-01-04,Borrowdale,Cake_Slice,364,120,186,298
2025-01-04,Avondale,Bread_Standard,323,63,228,158
2025-01-04,Avondale,Bread_Premium,583,124,138,569
2025-01-04,Avondale,Buns_6pk,657,82,186,553
2025-01-04,Avondale,Rolls_6pk,626,175,239,562
2025-01-04,Avondale,Doughnut,352,53,159,246
2025-01-04,Avondale,Cake_Slice,593,122,130,585
2025-01-04,Chitungwiza,Bread_Standard,540,172,193,519
2025-01-04,Chitungwiza,Bread_Premium,525,137,174,488
2025-01-04,Chitungwiza,Buns_6pk,394,63,165,292
2025-01-04,Chitungwiza,Rolls_6pk,429,172,251,350
2025-01-04,Chitungwiza,Doughnut,358,66,212,212
2025-01-04,Chitungwiza,Cake_Slice,505,175,216,464
2025-01-05,Harare_Main,Bread_Standard,337,197,187,347
2025-01-05,Harare_Main,Bread_Premium,622,63,104,581
2025-01-05,Harare_Main,Buns_6pk,377,88,232,233
2025-01-05,Harare_Main,Rolls_6pk,588,127,140,575
2025-01-05,Harare_Main,Doughnut,343,113,256,200
2025-01-05,Harare_Main,Cake_Slice,360,192,236,316
2025-01-05,Harare_North,Bread_Standard,691,156,198,649
2025-01-05,Harare_North,Bread_Premium,610,107,114,603
2025-01-05,Harare_North,Buns_6pk,697,183,141,739
2025-01-05,Harare_North,Rolls_6pk,494,165,254,405
2025-01-05,Harare_North,Doughnut,526,126,107,545
2025-01-05,Harare_North,Cake_Slice,601,159,254,506
2025-01-05,Borrowdale,Bread_Standard,456,195,153,498
2025-01-05,Borrowdale,Bread_Premium,617,65,155,527
2025-01-05,Borrowdale,Buns_6pk,612,75,150,537
2025-01-05,Borrowdale,Rolls_6pk,690,103,119,674
2025-01-05,Borrowdale,Doughnut,620,104,141,583
2025-01-05,Borrowdale,Cake_Slice,435,70,250,255
2025-01-05,Avondale,Bread_Standard,380,111,253,238
2025-01-05,Avondale,Bread_Premium,388,191,164,415
2025-01-05,Avondale,Buns_6pk,338,90,268,160
2025-01-05,Avondale,Rolls_6pk,301,154,221,234
2025-01-05,Avondale,Doughnut,530,170,156,544
2025-01-05,Avondale,Cake_Slice,449,58,126,381
2025-01-05,Chitungwiza,Bread_Standard,418,123,207,334
2025-01-05,Chitungwiza,Bread_Premium,661,122,190,593
2025-01-05,Chitungwiza,Buns_6pk,659,166,164,661
2025-01-05,Chitungwiza,Rolls_6pk,336,109,250,195
2025-01-05,Chitungwiza,Doughnut,435,200,263,372
2025-01-05,Chitungwiza,Cake_Slice,638,100,183,555
2025-01-06,Harare_Main,Bread_Standard,517,79,162,434
2025-01-06,Harare_Main,Bread_Premium,578,107,95,590
2025-01-06,Harare_Main,Buns_6pk,631,88,112,607
2025-01-06,Harare_Main,Rolls_6pk,436,86,117,405
2025-01-06,Harare_Main,Doughnut,336,65,101,300
2025-01-06,Harare_Main,Cake_Slice,384,128,155,357
2025-01-06,Harare_North,Bread_Standard,604,195,132,667
2025-01-06,Harare_North,Bread_Premium,447,162,126,483
2025-01-06,Harare_North,Buns_6pk,363,169,125,407
2025-01-06,Harare_North,Rolls_6pk,652,127,188,591
2025-01-06,Harare_North,Doughnut,658,153,137,674
2025-01-06,Harare_North,Cake_Slice,439,178,138,479
2025-01-06,Borrowdale,Bread_Standard,576,176,204,548
2025-01-06,Borrowdale,Bread_Premium,524,70,146,448
2025-01-06,Borrowdale,Buns_6pk,606,60,140,526
2025-01-06,Borrowdale,Rolls_6pk,521,132,122,531
2025-01-06,Borrowdale,Doughnut,609,114,103,620
2025-01-06,Borrowdale,Cake_Slice,313,73,109,277
2025-01-06,Avondale,Bread_Standard,417,197,154,460
2025-01-06,Avondale,Bread_Premium,600,55,125,530
2025-01-06,Avondale,Buns_6pk,691,118,91,718
2025-01-06,Avondale,Rolls_6pk,595,60,169,486
2025-01-06,Avondale,Doughnut,690,94,83,701
2025-01-06,Avondale,Cake_Slice,540,182,212,510
2025-01-06,Chitungwiza,Bread_Standard,633,163,89,707
2025-01-06,Chitungwiza,Bread_Premium,442,96,121,417
2025-01-06,Chitungwiza,Buns_6pk,599,161,165,595
2025-01-06,Chitungwiza,Rolls_6pk,625,175,94,706
2025-01-06,Chitungwiza,Doughnut,346,170,188,328
2025-01-06,Chitungwiza,Cake_Slice,478,154,179,453
2025-01-07,Harare_Main,Bread_Standard,470,132,115,487
2025-01-07,Harare_Main,Bread_Premium,643,76,130,589
2025-01-07,Harare_Main,Buns_6pk,382,134,86,430
2025-01-07,Harare_Main,Rolls_6pk,510,176,124,562
2025-01-07,Harare_Main,Doughnut,447,152,114,485
2025-01-07,Harare_Main,Cake_Slice,689,190,160,719
2025-01-07,Harare_North,Bread_Standard,318,166,119,365
2025-01-07,Harare_North,Bread_Premium,345,130,125,350
2025-01-07,Harare_North,Buns_6pk,429,132,119,442
2025-01-07,Harare_North,Rolls_6pk,359,153,130,382
2025-01-07,Harare_North,Doughnut,563,50,185,428
2025-01-07,Harare_North,Cake_Slice,636,188,195,629
2025-01-07,Borrowdale,Bread_Standard,536,155,89,602
2025-01-07,Borrowdale,Bread_Premium,327,98,164,261
2025-01-07,Borrowdale,Buns_6pk,565,142,153,554
2025-01-07,Borrowdale,Rolls_6pk,618,177,74,721
2025-01-07,Borrowdale,Doughnut,620,163,149,634
2025-01-07,Borrowdale,Cake_Slice,689,63,203,549
2025-01-07,Avondale,Bread_Standard,404,118,180,342
2025-01-07,Avondale,Bread_Premium,581,83,167,497
2025-01-07,Avondale,Buns_6pk,447,162,95,514
2025-01-07,Avondale,Rolls_6pk,657,174,183,648
2025-01-07,Avondale,Doughnut,362,57,160,259
2025-01-07,Avondale,Cake_Slice,622,111,126,607
2025-01-07,Chitungwiza,Bread_Standard,663,90,71,682
2025-01-07,Chitungwiza,Bread_Premium,459,191,116,534
2025-01-07,Chitungwiza,Buns_6pk,307,191,127,371
2025-01-07,Chitungwiza,Rolls_6pk,508,73,99,482
2025-01-07,Chitungwiza,Doughnut,415,79,141,353
2025-01-07,Chitungwiza,Cake_Slice,536,80,85,531
2025-01-08,Harare_Main,Bread_Standard,631,89,164,556
2025-01-08,Harare_Main,Bread_Premium,555,124,200,479
2025-01-08,Harare_Main,Buns_6pk,560,119,193,486
2025-01-08,Harare_Main,Rolls_6pk,512,173,137,548
2025-01-08,Harare_Main,Doughnut,541,112,148,505
2025-01-08,Harare_Main,Cake_Slice,533,191,202,522
2025-01-08,Harare_North,Bread_Standard,374,148,78,444
2025-01-08,Harare_North,Bread_Premium,397,180,140,437
2025-01-08,Harare_North,Buns_6pk,682,84,200,566
2025-01-08,Harare_North,Rolls_6pk,335,120,104,351
2025-01-08,Harare_North,Doughnut,695,156,188,663
2025-01-08,Harare_North,Cake_Slice,474,179,175,478
2025-01-08,Borrowdale,Bread_Standard,436,50,116,370
2025-01-08,Borrowdale,Bread_Premium,444,126,219,351
2025-01-08,Borrowdale,Buns_6pk,600,198,150,648
2025-01-08,Borrowdale,Rolls_6pk,637,175,148,664
2025-01-08,Borrowdale,Doughnut,376,164,139,401
2025-01-08,Borrowdale,Cake_Slice,575,173,106,642
2025-01-08,Avondale,Bread_Standard,476,135,100,511
2025-01-08,Avondale,Bread_Premium,582,189,129,642
2025-01-08,Avondale,Buns_6pk,493,166,195,464
2025-01-08,Avondale,Rolls_6pk,464,98,87,475
2025-01-08,Avondale,Doughnut,657,111,159,609
2025-01-08,Avondale,Cake_Slice,592,148,187,553
2025-01-08,Chitungwiza,Bread_Standard,419,155,180,394
2025-01-08,Chitungwiza,Bread_Premium,322,131,142,311
2025-01-08,Chitungwiza,Buns_6pk,681,171,193,659
2025-01-08,Chitungwiza,Rolls_6pk,661,147,94,714
2025-01-08,Chitungwiza,Doughnut,497,88,156,429
2025-01-08,Chitungwiza,Cake_Slice,553,59,118,494
2025-01-09,Harare_Main,Bread_Standard,364,178,128,414
2025-01-09,Harare_Main,Bread_Premium,602,134,82,654
2025-01-09,Harare_Main,Buns_6pk,351,162,93,420
2025-01-09,Harare_Main,Rolls_6pk,351,184,198,337
2025-01-09,Harare_Main,Doughnut,533,53,130,456
2025-01-09,Harare_Main,Cake_Slice,669,86,167,588
2025-01-09,Harare_North,Bread_Standard,509,89,168,430
2025-01-09,Harare_North,Bread_Premium,338,170,166,342
2025-01-09,Harare_North,Buns_6pk,700,117,108,709
2025-01-09,Harare_North,Rolls_6pk,473,151,126,498
2025-01-09,Harare_North,Doughnut,632,70,92,610
2025-01-09,Harare_North,Cake_Slice,468,186,99,555
2025-01-09,Borrowdale,Bread_Standard,494,131,177,448
2025-01-09,Borrowdale,Bread_Premium,620,174,139,655
2025-01-09,Borrowdale,Buns_6pk,577,59,77,559
2025-01-09,Borrowdale,Rolls_6pk,616,67,81,602
2025-01-09,Borrowdale,Doughnut,420,123,173,370
2025-01-09,Borrowdale,Cake_Slice,416,73,146,343
2025-01-09,Avondale,Bread_Standard,522,75,157,440
2025-01-09,Avondale,Bread_Premium,689,75,97,667
2025-01-09,Avondale,Buns_6pk,527,92,163,456
2025-01-09,Avondale,Rolls_6pk,655,126,143,638
2025-01-09,Avondale,Doughnut,314,61,183,192
2025-01-09,Avondale,Cake_Slice,466,64,95,435
2025-01-09,Chitungwiza,Bread_Standard,450,141,69,522
2025-01-09,Chitungwiza,Bread_Premium,491,160,172,479
2025-01-09,Chitungwiza,Buns_6pk,374,112,140,346
2025-01-09,Chitungwiza,Rolls_6pk,571,155,132,594
2025-01-09,Chitungwiza,Doughnut,589,96,102,583
2025-01-09,Chitungwiza,Cake_Slice,387,94,105,376
2025-01-10,Harare_Main,Bread_Standard,340,147,136,351
2025-01-10,Harare_Main,Bread_Premium,617,111,172,556
2025-01-10,Harare_Main,Buns_6pk,554,199,160,593
2025-01-10,Harare_Main,Rolls_6pk,373,109,145,337
2025-01-10,Harare_Main,Doughnut,536,115,90,561
2025-01-10,Harare_Main,Cake_Slice,535,115,201,449
2025-01-10,Harare_North,Bread_Standard,641,52,147,546
2025-01-10,Harare_North,Bread_Premium,538,123,167,494
2025-01-10,Harare_North,Buns_6pk,646,189,179,656
2025-01-10,Harare_North,Rolls_6pk,380,68,172,276
2025-01-10,Harare_North,Doughnut,526,138,89,575
2025-01-10,Harare_North,Cake_Slice,600,126,161,565
2025-01-10,Borrowdale,Bread_Standard,627,158,108,677
2025-01-10,Borrowdale,Bread_Premium,653,114,119,648
2025-01-10,Borrowdale,Buns_6pk,533,127,143,517
2025-01-10,Borrowdale,Rolls_6pk,401,148,160,389
2025-01-10,Borrowdale,Doughnut,547,77,111,513
2025-01-10,Borrowdale,Cake_Slice,421,147,148,420
2025-01-10,Avondale,Bread_Standard,592,141,180,553
2025-01-10,Avondale,Bread_Premium,594,125,168,551
2025-01-10,Avondale,Buns_6pk,658,125,139,644
2025-01-10,Avondale,Rolls_6pk,311,151,103,359
2025-01-10,Avondale,Doughnut,440,52,105,387
2025-01-10,Avondale,Cake_Slice,589,62,108,543
2025-01-10,Chitungwiza,Bread_Standard,610,177,75,712
2025-01-10,Chitungwiza,Bread_Premium,446,108,116,438
2025-01-10,Chitungwiza,Buns_6pk,610,140,71,679
2025-01-10,Chitungwiza,Rolls_6pk,412,98,156,354
2025-01-10,Chitungwiza,Doughnut,617,114,144,587
2025-01-10,Chitungwiza,Cake_Slice,647,85,103,629
2025-01-11,Harare_Main,Bread_Standard,621,74,190,505
2025-01-11,Harare_Main,Bread_Premium,621,60,149,532
2025-01-11,Harare_Main,Buns_6pk,458,162,103,517
2025-01-11,Harare_Main,Rolls_6pk,317,198,110,405
2025-01-11,Harare_Main,Doughnut,486,83,201,368
2025-01-11,Harare_Main,Cake_Slice,346,125,237,234
2025-01-11,Harare_North,Bread_Standard,467,156,93,530
2025-01-11,Harare_North,Bread_Premium,389,101,143,347
2025-01-11,Harare_North,Buns_6pk,367,188,101,454
2025-01-11,Harare_North,Rolls_6pk,487,185,238,434
2025-01-11,Harare_North,Doughnut,556,119,97,578
2025-01-11,Harare_North,Cake_Slice,384,115,255,244
2025-01-11,Borrowdale,Bread_Standard,546,125,153,518
2025-01-11,Borrowdale,Bread_Premium,682,136,112,706
2025-01-11,Borrowdale,Buns_6pk,358,169,186,341
2025-01-11,Borrowdale,Rolls_6pk,338,86,142,282
2025-01-11,Borrowdale,Doughnut,686,107,158,635
2025-01-11,Borrowdale,Cake_Slice,646,151,202,595
2025-01-11,Avondale,Bread_Standard,585,143,179,549
2025-01-11,Avondale,Bread_Premium,346,151,158,339
2025-01-11,Avondale,Buns_6pk,307,117,174,250
2025-01-11,Avondale,Rolls_6pk,574,81,128,527
2025-01-11,Avondale,Doughnut,532,144,204,472
2025-01-11,Avondale,Cake_Slice,644,117,264,497
2025-01-11,Chitungwiza,Bread_Standard,599,147,272,474
2025-01-11,Chitungwiza,Bread_Premium,626,145,181,590
2025-01-11,Chitungwiza,Buns_6pk,355,109,187,277
2025-01-11,Chitungwiza,Rolls_6pk,541,56,193,404
2025-01-11,Chitungwiza,Doughnut,617,193,138,672
2025-01-11,Chitungwiza,Cake_Slice,467,106,212,361
2025-01-12,Harare_Main,Bread_Standard,631,66,164,533
2025-01-12,Harare_Main,Bread_Premium,625,168,252,541
2025-01-12,Harare_Main,Buns_6pk,658,127,160,625
2025-01-12,Harare_Main,Rolls_6pk,632,154,143,643
2025-01-12,Harare_Main,Doughnut,359,85,125,319
2025-01-12,Harare_Main,Cake_Slice,323,59,111,271
2025-01-12,Harare_North,Bread_Standard,455,176,198,433
2025-01-12,Harare_North,Bread_Premium,359,74,178,255
2025-01-12,Harare_North,Buns_6pk,420,187,161,446
2025-01-12,Harare_North,Rolls_6pk,369,149,158,360
2025-01-12,Harare_North,Doughnut,532,144,171,505
2025-01-12,Harare_North,Cake_Slice,643,188,205,626
2025-01-12,Borrowdale,Bread_Standard,514,200,256,458
2025-01-12,Borrowdale,Bread_Premium,680,89,233,536
2025-01-12,Borrowdale,Buns_6pk,512,75,113,474
2025-01-12,Borrowdale,Rolls_6pk,550,154,212,492
2025-01-12,Borrowdale,Doughnut,443,58,209,292
2025-01-12,Borrowdale,Cake_Slice,653,144,191,606
2025-01-12,Avondale,Bread_Standard,411,163,133,441
2025-01-12,Avondale,Bread_Premium,527,110,116,521
2025-01-12,Avondale,Buns_6pk,485,75,142,418
2025-01-12,Avondale,Rolls_6pk,651,144,238,557
2025-01-12,Avondale,Doughnut,578,141,153,566
2025-01-12,Avondale,Cake_Slice,331,151,238,244
2025-01-12,Chitungwiza,Bread_Standard,441,98,240,299
2025-01-12,Chitungwiza,Bread_Premium,362,166,128,400
2025-01-12,Chitungwiza,Buns_6pk,346,104,134,316
2025-01-12,Chitungwiza,Rolls_6pk,628,55,120,563
2025-01-12,Chitungwiza,Doughnut,325,135,135,325
2025-01-12,Chitungwiza,Cake_Slice,424,82,215,291
2025-01-13,Harare_Main,Bread_Standard,589,102,140,551
2025-01-13,Harare_Main,Bread_Premium,335,191,85,441
2025-01-13,Harare_Main,Buns_6pk,406,200,134,472
2025-01-13,Harare_Main,Rolls_6pk,410,109,84,435
2025-01-13,Harare_Main,Doughnut,468,87,105,450
2025-01-13,Harare_Main,Cake_Slice,605,50,128,527
2025-01-13,Harare_North,Bread_Standard,441,87,113,415
2025-01-13,Harare_North,Bread_Premium,366,188,203,351
2025-01-13,Harare_North,Buns_6pk,428,94,199,323
2025-01-13,Harare_North,Rolls_6pk,356,56,86,326
2025-01-13,Harare_North,Doughnut,367,53,122,298
2025-01-13,Harare_North,Cake_Slice,483,110,178,415
2025-01-13,Borrowdale,Bread_Standard,601,132,196,537
2025-01-13,Borrowdale,Bread_Premium,308,94,198,204
2025-01-13,Borrowdale,Buns_6pk,435,63,140,358
2025-01-13,Borrowdale,Rolls_6pk,364,157,101,420
2025-01-13,Borrowdale,Doughnut,569,79,90,558
2025-01-13,Borrowdale,Cake_Slice,681,66,143,604
2025-01-13,Avondale,Bread_Standard,543,164,157,550
2025-01-13,Avondale,Bread_Premium,698,142,202,638
2025-01-13,Avondale,Buns_6pk,562,77,85,554
2025-01-13,Avondale,Rolls_6pk,531,178,85,624
2025-01-13,Avondale,Doughnut,413,61,185,289
2025-01-13,Avondale,Cake_Slice,672,183,162,693
2025-01-13,Chitungwiza,Bread_Standard,454,167,185,436
2025-01-13,Chitungwiza,Bread_Premium,629,57,121,565
2025-01-13,Chitungwiza,Buns_6pk,331,172,93,410
2025-01-13,Chitungwiza,Rolls_6pk,505,159,135,529
2025-01-13,Chitungwiza,Doughnut,651,77,146,582
2025-01-13,Chitungwiza,Cake_Slice,551,163,143,571
2025-01-14,Harare_Main,Bread_Standard,337,70,101,306
2025-01-14,Harare_Main,Bread_Premium,464,87,201,350
2025-01-14,Harare_Main,Buns_6pk,333,82,146,269
2025-01-14,Harare_Main,Rolls_6pk,440,199,216,423
2025-01-14,Harare_Main,Doughnut,580,133,85,628
2025-01-14,Harare_Main,Cake_Slice,495,185,94,586
2025-01-14,Harare_North,Bread_Standard,450,166,132,484
2025-01-14,Harare_North,Bread_Premium,558,160,69,649
2025-01-14,Harare_North,Buns_6pk,350,79,117,312
2025-01-14,Harare_North,Rolls_6pk,635,191,98,728
2025-01-14,Harare_North,Doughnut,669,105,188,586
2025-01-14,Harare_North,Cake_Slice,520,165,186,499
2025-01-14,Borrowdale,Bread_Standard,416,155,167,404
2025-01-14,Borrowdale,Bread_Premium,473,166,123,516
2025-01-14,Borrowdale,Buns_6pk,504,156,130,530
2025-01-14,Borrowdale,Rolls_6pk,673,74,137,610
2025-01-14,Borrowdale,Doughnut,460,159,166,453
2025-01-14,Borrowdale,Cake_Slice,460,115,174,401
2025-01-14,Avondale,Bread_Standard,491,89,165,415
2025-01-14,Avondale,Bread_Premium,651,171,130,692
2025-01-14,Avondale,Buns_6pk,334,73,154,253
2025-01-14,Avondale,Rolls_6pk,343,73,163,253
2025-01-14,Avondale,Doughnut,521,74,150,445
2025-01-14,Avondale,Cake_Slice,681,145,101,725
2025-01-14,Chitungwiza,Bread_Standard,366,192,111,447
2025-01-14,Chitungwiza,Bread_Premium,330,200,120,410
2025-01-14,Chitungwiza,Buns_6pk,587,193,107,673
2025-01-14,Chitungwiza,Rolls_6pk,468,81,82,467
2025-01-14,Chitungwiza,Doughnut,510,140,136,514
2025-01-14,Chitungwiza,Cake_Slice,640,158,183,615
2025-01-15,Harare_Main,Bread_Standard,669,63,156,576
2025-01-15,Harare_Main,Bread_Premium,447,129,80,496
2025-01-15,Harare_Main,Buns_6pk,480,76,188,368
2025-01-15,Harare_Main,Rolls_6pk,595,179,112,662
2025-01-15,Harare_Main,Doughnut,408,89,83,414
2025-01-15,Harare_Main,Cake_Slice,636,173,102,707
2025-01-15,Harare_North,Bread_Standard,414,77,182,309
2025-01-15,Harare_North,Bread_Premium,479,192,129,542
2025-01-15,Harare_North,Buns_6pk,488,79,160,407
2025-01-15,Harare_North,Rolls_6pk,690,121,211,600
2025-01-15,Harare_North,Doughnut,593,107,197,503
2025-01-15,Harare_North,Cake_Slice,519,193,138,574
2025-01-15,Borrowdale,Bread_Standard,692,192,121,763
2025-01-15,Borrowdale,Bread_Premium,313,118,77,354
2025-01-15,Borrowdale,Buns_6pk,314,96,165,245
2025-01-15,Borrowdale,Rolls_6pk,439,129,96,472
2025-01-15,Borrowdale,Doughnut,473,139,212,400
2025-01-15,Borrowdale,Cake_Slice,303,96,124,275
2025-01-15,Avondale,Bread_Standard,373,194,83,484
2025-01-15,Avondale,Bread_Premium,636,152,145,643
2025-01-15,Avondale,Buns_6pk,335,86,71,350
2025-01-15,Avondale,Rolls_6pk,679,57,160,576
2025-01-15,Avondale,Doughnut,346,185,163,368
2025-01-15,Avondale,Cake_Slice,410,146,111,445
2025-01-15,Chitungwiza,Bread_Standard,514,166,125,555
2025-01-15,Chitungwiza,Bread_Premium,474,90,109,455
2025-01-15,Chitungwiza,Buns_6pk,489,129,188,430
2025-01-15,Chitungwiza,Rolls_6pk,669,133,211,591
2025-01-15,Chitungwiza,Doughnut,697,195,168,724
2025-01-15,Chitungwiza,Cake_Slice,605,71,132,544
2025-01-16,Harare_Main,Bread_Standard,326,89,164,251
2025-01-16,Harare_Main,Bread_Premium,380,62,155,287
2025-01-16,Harare_Main,Buns_6pk,645,70,93,622
2025-01-16,Harare_Main,Rolls_6pk,439,163,156,446
2025-01-16,Harare_Main,Doughnut,638,158,82,714
2025-01-16,Harare_Main,Cake_Slice,548,163,128,583
2025-01-16,Harare_North,Bread_Standard,512,119,156,475
2025-01-16,Harare_North,Bread_Premium,410,181,123,468
2025-01-16,Harare_North,Buns_6pk,358,138,148,348
2025-01-16,Harare_North,Rolls_6pk,520,78,157,441
2025-01-16,Harare_North,Doughnut,445,174,117,502
2025-01-16,Harare_North,Cake_Slice,569,128,229,468
2025-01-16,Borrowdale,Bread_Standard,323,106,116,313
2025-01-16,Borrowdale,Bread_Premium,502,64,127,439
2025-01-16,Borrowdale,Buns_6pk,303,102,169,236
2025-01-16,Borrowdale,Rolls_6pk,454,104,160,398
2025-01-16,Borrowdale,Doughnut,692,85,110,667
2025-01-16,Borrowdale,Cake_Slice,691,115,119,687
2025-01-16,Avondale,Bread_Standard,448,133,110,471
2025-01-16,Avondale,Bread_Premium,361,51,137,275
2025-01-16,Avondale,Buns_6pk,554,160,106,608
2025-01-16,Avondale,Rolls_6pk,389,83,154,318
2025-01-16,Avondale,Doughnut,494,186,165,515
2025-01-16,Avondale,Cake_Slice,660,108,101,667
2025-01-16,Chitungwiza,Bread_Standard,556,193,130,619
2025-01-16,Chitungwiza,Bread_Premium,642,140,134,648
2025-01-16,Chitungwiza,Buns_6pk,336,151,204,283
2025-01-16,Chitungwiza,Rolls_6pk,679,60,154,585
2025-01-16,Chitungwiza,Doughnut,523,54,194,383
2025-01-16,Chitungwiza,Cake_Slice,535,69,95,509
2025-01-17,Harare_Main,Bread_Standard,460,197,66,591
2025-01-17,Harare_Main,Bread_Premium,519,196,144,571
2025-01-17,Harare_Main,Buns_6pk,507,156,174,489
2025-01-17,Harare_Main,Rolls_6pk,448,79,151,376
2025-01-17,Harare_Main,Doughnut,507,55,102,460
2025-01-17,Harare_Main,Cake_Slice,466,93,94,465
2025-01-17,Harare_North,Bread_Standard,616,167,139,644
2025-01-17,Harare_North,Bread_Premium,653,142,117,678
2025-01-17,Harare_North,Buns_6pk,345,161,158,348
2025-01-17,Harare_North,Rolls_6pk,354,112,120,346
2025-01-17,Harare_North,Doughnut,523,200,102,621
2025-01-17,Harare_North,Cake_Slice,505,184,204,485
2025-01-17,Borrowdale,Bread_Standard,340,151,111,380
2025-01-17,Borrowdale,Bread_Premium,458,136,210,384
2025-01-17,Borrowdale,Buns_6pk,413,135,98,450
2025-01-17,Borrowdale,Rolls_6pk,698,93,185,606
2025-01-17,Borrowdale,Doughnut,339,180,99,420
2025-01-17,Borrowdale,Cake_Slice,624,79,139,564
2025-01-17,Avondale,Bread_Standard,571,180,120,631
2025-01-17,Avondale,Bread_Premium,399,139,104,434
2025-01-17,Avondale,Buns_6pk,479,87,146,420
2025-01-17,Avondale,Rolls_6pk,420,76,197,299
2025-01-17,Avondale,Doughnut,374,115,182,307
2025-01-17,Avondale,Cake_Slice,401,94,175,320
2025-01-17,Chitungwiza,Bread_Standard,608,89,102,595
2025-01-17,Chitungwiza,Bread_Premium,689,69,165,593
2025-01-17,Chitungwiza,Buns_6pk,390,176,175,391
2025-01-17,Chitungwiza,Rolls_6pk,537,194,139,592
2025-01-17,Chitungwiza,Doughnut,689,198,141,746
2025-01-17,Chitungwiza,Cake_Slice,529,194,88,635
2025-01-18,Harare_Main,Bread_Standard,629,132,226,535
2025-01-18,Harare_Main,Bread_Premium,621,130,238,513
2025-01-18,Harare_Main,Buns_6pk,377,162,203,336
2025-01-18,Harare_Main,Rolls_6pk,334,170,150,354
2025-01-18,Harare_Main,Doughnut,526,127,240,413
2025-01-18,Harare_Main,Cake_Slice,440,64,221,283
2025-01-18,Harare_North,Bread_Standard,480,179,101,558
2025-01-18,Harare_North,Bread_Premium,337,129,267,199
2025-01-18,Harare_North,Buns_6pk,536,165,285,416
2025-01-18,Harare_North,Rolls_6pk,319,64,124,259
2025-01-18,Harare_North,Doughnut,488,123,143,468
2025-01-18,Harare_North,Cake_Slice,339,73,119,293
2025-01-18,Borrowdale,Bread_Standard,614,179,273,520
2025-01-18,Borrowdale,Bread_Premium,496,168,110,554
2025-01-18,Borrowdale,Buns_6pk,597,191,234,554
2025-01-18,Borrowdale,Rolls_6pk,678,60,213,525
2025-01-18,Borrowdale,Doughnut,530,196,162,564
2025-01-18,Borrowdale,Cake_Slice,633,98,164,567
2025-01-18,Avondale,Bread_Standard,464,171,160,475
2025-01-18,Avondale,Bread_Premium,556,88,215,429
2025-01-18,Avondale,Buns_6pk,331,165,122,374
2025-01-18,Avondale,Rolls_6pk,352,137,248,241
2025-01-18,Avondale,Doughnut,665,71,171,565
2025-01-18,Avondale,Cake_Slice,558,94,121,531
2025-01-18,Chitungwiza,Bread_Standard,320,113,225,208
2025-01-18,Chitungwiza,Bread_Premium,662,162,195,629
2025-01-18,Chitungwiza,Buns_6pk,524,184,214,494
2025-01-18,Chitungwiza,Rolls_6pk,567,90,137,520
2025-01-18,Chitungwiza,Doughnut,486,145,179,452
2025-01-18,Chitungwiza,Cake_Slice,444,149,180,413
2025-01-19,Harare_Main,Bread_Standard,509,136,148,497
2025-01-19,Harare_Main,Bread_Premium,647,63,262,448
2025-01-19,Harare_Main,Buns_6pk,623,135,268,490
2025-01-19,Harare_Main,Rolls_6pk,333,134,243,224
2025-01-19,Harare_Main,Doughnut,348,192,98,442
2025-01-19,Harare_Main,Cake_Slice,647,148,122,673
2025-01-19,Harare_North,Bread_Standard,445,114,211,348
2025-01-19,Harare_North,Bread_Premium,670,88,167,591
2025-01-19,Harare_North,Buns_6pk,470,70,216,324
2025-01-19,Harare_North,Rolls_6pk,598,86,114,570
2025-01-19,Harare_North,Doughnut,479,129,107,501
2025-01-19,Harare_North,Cake_Slice,635,150,106,679
2025-01-19,Borrowdale,Bread_Standard,366,71,170,267
2025-01-19,Borrowdale,Bread_Premium,458,193,214,437
2025-01-19,Borrowdale,Buns_6pk,492,134,128,498
2025-01-19,Borrowdale,Rolls_6pk,365,184,177,372
2025-01-19,Borrowdale,Doughnut,347,158,154,351
2025-01-19,Borrowdale,Cake_Slice,560,142,137,565
2025-01-19,Avondale,Bread_Standard,309,142,219,232
2025-01-19,Avondale,Bread_Premium,458,96,153,401
2025-01-19,Avondale,Buns_6pk,409,137,197,349
2025-01-19,Avondale,Rolls_6pk,692,174,219,647
2025-01-19,Avondale,Doughnut,398,107,175,330
2025-01-19,Avondale,Cake_Slice,370,89,172,287
2025-01-19,Chitungwiza,Bread_Standard,339,125,97,367
2025-01-19,Chitungwiza,Bread_Premium,351,179,136,394
2025-01-19,Chitungwiza,Buns_6pk,694,188,104,778
2025-01-19,Chitungwiza,Rolls_6pk,678,184,267,595
2025-01-19,Chitungwiza,Doughnut,319,136,252,203
2025-01-19,Chitungwiza,Cake_Slice,692,83,204,571
2025-01-20,Harare_Main,Bread_Standard,605,146,169,582
2025-01-20,Harare_Main,Bread_Premium,378,91,91,378
2025-01-20,Harare_Main,Buns_6pk,392,92,165,319
2025-01-20,Harare_Main,Rolls_6pk,669,162,91,740
2025-01-20,Harare_Main,Doughnut,322,155,180,297
2025-01-20,Harare_Main,Cake_Slice,486,110,141,455
2025-01-20,Harare_North,Bread_Standard,527,122,152,497
2025-01-20,Harare_North,Bread_Premium,685,164,149,700
2025-01-20,Harare_North,Buns_6pk,419,186,113,492
2025-01-20,Harare_North,Rolls_6pk,422,129,127,424
2025-01-20,Harare_North,Doughnut,540,99,112,527
2025-01-20,Harare_North,Cake_Slice,488,196,88,596
2025-01-20,Borrowdale,Bread_Standard,525,168,127,566
2025-01-20,Borrowdale,Bread_Premium,693,122,133,682
2025-01-20,Borrowdale,Buns_6pk,698,147,180,665
2025-01-20,Borrowdale,Rolls_6pk,557,185,244,498
2025-01-20,Borrowdale,Doughnut,514,91,197,408
2025-01-20,Borrowdale,Cake_Slice,402,85,179,308
2025-01-20,Avondale,Bread_Standard,428,63,83,408
2025-01-20,Avondale,Bread_Premium,628,173,189,612
2025-01-20,Avondale,Buns_6pk,490,191,112,569
2025-01-20,Avondale,Rolls_6pk,352,182,137,397
2025-01-20,Avondale,Doughnut,363,122,173,312
2025-01-20,Avondale,Cake_Slice,342,91,120,313
2025-01-20,Chitungwiza,Bread_Standard,439,165,154,450
2025-01-20,Chitungwiza,Bread_Premium,562,87,82,567
2025-01-20,Chitungwiza,Buns_6pk,523,73,120,476
2025-01-20,Chitungwiza,Rolls_6pk,413,165,176,402
2025-01-20,Chitungwiza,Doughnut,478,56,155,379
2025-01-20,Chitungwiza,Cake_Slice,512,63,178,397
2025-01-21,Harare_Main,Bread_Standard,502,178,198,482
2025-01-21,Harare_Main,Bread_Premium,491,110,145,456
2025-01-21,Harare_Main,Buns_6pk,497,70,162,405
2025-01-21,Harare_Main,Rolls_6pk,491,107,163,435
2025-01-21,Harare_Main,Doughnut,314,131,92,353
2025-01-21,Harare_Main,Cake_Slice,350,135,199,286
2025-01-21,Harare_North,Bread_Standard,374,85,162,297
2025-01-21,Harare_North,Bread_Premium,319,123,108,334
2025-01-21,Harare_North,Buns_6pk,541,85,182,444
2025-01-21,Harare_North,Rolls_6pk,688,170,75,783
2025-01-21,Harare_North,Doughnut,529,51,187,393
2025-01-21,Harare_North,Cake_Slice,340,54,181,213
2025-01-21,Borrowdale,Bread_Standard,431,105,102,434
2025-01-21,Borrowdale,Bread_Premium,376,190,175,391
2025-01-21,Borrowdale,Buns_6pk,672,185,125,732
2025-01-21,Borrowdale,Rolls_6pk,516,78,74,520
2025-01-21,Borrowdale,Doughnut,697,123,133,687
2025-01-21,Borrowdale,Cake_Slice,421,127,181,367
2025-01-21,Avondale,Bread_Standard,362,62,216,208
2025-01-21,Avondale,Bread_Premium,422,157,128,451
2025-01-21,Avondale,Buns_6pk,627,167,208,586
2025-01-21,Avondale,Rolls_6pk,332,78,199,211
2025-01-21,Avondale,Doughnut,555,187,147,595
2025-01-21,Avondale,Cake_Slice,308,181,190,299
2025-01-21,Chitungwiza,Bread_Standard,594,111,153,552
2025-01-21,Chitungwiza,Bread_Premium,667,86,186,567
2025-01-21,Chitungwiza,Buns_6pk,449,159,155,453
2025-01-21,Chitungwiza,Rolls_6pk,300,140,201,239
2025-01-21,Chitungwiza,Doughnut,423,196,113,506
2025-01-21,Chitungwiza,Cake_Slice,513,97,128,482
2025-01-22,Harare_Main,Bread_Standard,640,71,95,616
2025-01-22,Harare_Main,Bread_Premium,568,142,193,517
2025-01-22,Harare_Main,Buns_6pk,334,184,181,337
2025-01-22,Harare_Main,Rolls_6pk,578,179,103,654
2025-01-22,Harare_Main,Doughnut,559,191,129,621
2025-01-22,Harare_Main,Cake_Slice,310,149,184,275
2025-01-22,Harare_North,Bread_Standard,540,61,81,520
2025-01-22,Harare_North,Bread_Premium,625,149,184,590
2025-01-22,Harare_North,Buns_6pk,491,114,130,475
2025-01-22,Harare_North,Rolls_6pk,682,54,99,637
2025-01-22,Harare_North,Doughnut,482,67,108,441
2025-01-22,Harare_North,Cake_Slice,476,111,189,398
2025-01-22,Borrowdale,Bread_Standard,675,76,192,559
2025-01-22,Borrowdale,Bread_Premium,695,198,139,754
2025-01-22,Borrowdale,Buns_6pk,676,135,120,691
2025-01-22,Borrowdale,Rolls_6pk,368,61,121,308
2025-01-22,Borrowdale,Doughnut,480,189,189,480
2025-01-22,Borrowdale,Cake_Slice,473,94,195,372
2025-01-22,Avondale,Bread_Standard,698,168,224,642
2025-01-22,Avondale,Bread_Premium,656,172,99,729
2025-01-22,Avondale,Buns_6pk,623,96,112,607
2025-01-22,Avondale,Rolls_6pk,369,66,76,359
2025-01-22,Avondale,Doughnut,666,167,158,675
2025-01-22,Avondale,Cake_Slice,318,125,104,339
2025-01-22,Chitungwiza,Bread_Standard,403,61,123,341
2025-01-22,Chitungwiza,Bread_Premium,402,60,133,329
2025-01-22,Chitungwiza,Buns_6pk,461,129,109,481
2025-01-22,Chitungwiza,Rolls_6pk,563,151,199,515
2025-01-22,Chitungwiza,Doughnut,578,171,86,663
2025-01-22,Chitungwiza,Cake_Slice,429,59,164,324
2025-01-23,Harare_Main,Bread_Standard,685,98,104,679
2025-01-23,Harare_Main,Bread_Premium,446,141,131,456
2025-01-23,Harare_Main,Buns_6pk,699,62,164,597
2025-01-23,Harare_Main,Rolls_6pk,635,134,177,592
2025-01-23,Harare_Main,Doughnut,439,81,142,378
2025-01-23,Harare_Main,Cake_Slice,488,161,195,454
2025-01-23,Harare_North,Bread_Standard,504,162,175,491
2025-01-23,Harare_North,Bread_Premium,497,136,152,481
2025-01-23,Harare_North,Buns_6pk,395,177,117,455
2025-01-23,Harare_North,Rolls_6pk,654,177,212,619
2025-01-23,Harare_North,Doughnut,488,182,93,577
2025-01-23,Harare_North,Cake_Slice,436,71,99,408
2025-01-23,Borrowdale,Bread_Standard,672,158,197,633
2025-01-23,Borrowdale,Bread_Premium,340,160,116,384
2025-01-23,Borrowdale,Buns_6pk,608,96,109,595
2025-01-23,Borrowdale,Rolls_6pk,579,125,143,561
2025-01-23,Borrowdale,Doughnut,464,76,116,424
2025-01-23,Borrowdale,Cake_Slice,340,133,76,397
2025-01-23,Avondale,Bread_Standard,638,125,96,667
2025-01-23,Avondale,Bread_Premium,456,164,163,457
2025-01-23,Avondale,Buns_6pk,608,159,133,634
2025-01-23,Avondale,Rolls_6pk,385,163,109,439
2025-01-23,Avondale,Doughnut,479,164,182,461
2025-01-23,Avondale,Cake_Slice,321,140,171,290
2025-01-23,Chitungwiza,Bread_Standard,614,161,102,673
2025-01-23,Chitungwiza,Bread_Premium,440,64,123,381
2025-01-23,Chitungwiza,Buns_6pk,338,153,146,345
2025-01-23,Chitungwiza,Rolls_6pk,486,181,122,545
2025-01-23,Chitungwiza,Doughnut,683,90,76,697
2025-01-23,Chitungwiza,Cake_Slice,315,86,119,282
2025-01-24,Harare_Main,Bread_Standard,611,162,214,559
2025-01-24,Harare_Main,Bread_Premium,317,82,154,245
2025-01-24,Harare_Main,Buns_6pk,334,110,99,345
2025-01-24,Harare_Main,Rolls_6pk,698,143,114,727
2025-01-24,Harare_Main,Doughnut,485,148,84,549
2025-01-24,Harare_Main,Cake_Slice,590,58,172,476
2025-01-24,Harare_North,Bread_Standard,609,89,123,575
2025-01-24,Harare_North,Bread_Premium,647,165,71,741
2025-01-24,Harare_North,Buns_6pk,489,145,127,507
2025-01-24,Harare_North,Rolls_6pk,527,69,209,387
2025-01-24,Harare_North,Doughnut,593,85,190,488
2025-01-24,Harare_North,Cake_Slice,571,143,170,544
2025-01-24,Borrowdale,Bread_Standard,503,130,163,470
2025-01-24,Borrowdale,Bread_Premium,632,121,173,580
2025-01-24,Borrowdale,Buns_6pk,427,79,201,305
2025-01-24,Borrowdale,Rolls_6pk,313,97,153,257
2025-01-24,Borrowdale,Doughnut,555,182,157,580
2025-01-24,Borrowdale,Cake_Slice,498,193,176,515
2025-01-24,Avondale,Bread_Standard,360,117,77,400
2025-01-24,Avondale,Bread_Premium,696,116,118,694
2025-01-24,Avondale,Buns_6pk,660,164,116,708
2025-01-24,Avondale,Rolls_6pk,409,123,89,443
2025-01-24,Avondale,Doughnut,655,175,161,669
2025-01-24,Avondale,Cake_Slice,402,81,201,282
2025-01-24,Chitungwiza,Bread_Standard,369,68,141,296
2025-01-24,Chitungwiza,Bread_Premium,531,94,141,484
2025-01-24,Chitungwiza,Buns_6pk,665,163,116,712
2025-01-24,Chitungwiza,Rolls_6pk,344,131,180,295
2025-01-24,Chitungwiza,Doughnut,641,138,201,578
2025-01-24,Chitungwiza,Cake_Slice,663,66,78,651
2025-01-25,Harare_Main,Bread_Standard,581,188,207,562
2025-01-25,Harare_Main,Bread_Premium,448,126,246,328
2025-01-25,Harare_Main,Buns_6pk,380,94,158,316
2025-01-25,Harare_Main,Rolls_6pk,485,180,169,496
2025-01-25,Harare_Main,Doughnut,414,81,176,319
2025-01-25,Harare_Main,Cake_Slice,402,85,218,269
2025-01-25,Harare_North,Bread_Standard,421,176,157,440
2025-01-25,Harare_North,Bread_Premium,313,142,153,302
2025-01-25,Harare_North,Buns_6pk,583,196,165,614
2025-01-25,Harare_North,Rolls_6pk,488,169,211,446
2025-01-25,Harare_North,Doughnut,582,83,150,515
2025-01-25,Harare_North,Cake_Slice,613,72,201,484
2025-01-25,Borrowdale,Bread_Standard,333,129,128,334
2025-01-25,Borrowdale,Bread_Premium,503,172,121,554
2025-01-25,Borrowdale,Buns_6pk,569,155,184,540
2025-01-25,Borrowdale,Rolls_6pk,693,154,184,663
2025-01-25,Borrowdale,Doughnut,594,68,240,422
2025-01-25,Borrowdale,Cake_Slice,364,131,158,337
2025-01-25,Avondale,Bread_Standard,628,68,223,473
2025-01-25,Avondale,Bread_Premium,530,169,242,457
2025-01-25,Avondale,Buns_6pk,648,182,244,586
2025-01-25,Avondale,Rolls_6pk,476,82,133,425
2025-01-25,Avondale,Doughnut,699,191,186,704
2025-01-25,Avondale,Cake_Slice,627,200,195,632
2025-01-25,Chitungwiza,Bread_Standard,393,83,148,328
2025-01-25,Chitungwiza,Bread_Premium,521,178,184,515
2025-01-25,Chitungwiza,Buns_6pk,328,81,207,202
2025-01-25,Chitungwiza,Rolls_6pk,565,89,237,417
2025-01-25,Chitungwiza,Doughnut,455,92,112,435
2025-01-25,Chitungwiza,Cake_Slice,382,132,154,360
2025-01-26,Harare_Main,Bread_Standard,663,107,181,589
2025-01-26,Harare_Main,Bread_Premium,477,182,120,539
2025-01-26,Harare_Main,Buns_6pk,445,70,173,342
2025-01-26,Harare_Main,Rolls_6pk,428,100,210,318
2025-01-26,Harare_Main,Doughnut,625,191,183,633
2025-01-26,Harare_Main,Cake_Slice,440,82,214,308
2025-01-26,Harare_North,Bread_Standard,620,127,206,541
2025-01-26,Harare_North,Bread_Premium,614,186,155,645
2025-01-26,Harare_North,Buns_6pk,347,178,199,326
2025-01-26,Harare_North,Rolls_6pk,628,93,188,533
2025-01-26,Harare_North,Doughnut,603,198,183,618
2025-01-26,Harare_North,Cake_Slice,378,93,204,267
2025-01-26,Borrowdale,Bread_Standard,637,136,138,635
2025-01-26,Borrowdale,Bread_Premium,588,60,194,454
2025-01-26,Borrowdale,Buns_6pk,314,70,187,197
2025-01-26,Borrowdale,Rolls_6pk,323,197,206,314
2025-01-26,Borrowdale,Doughnut,435,103,234,304
2025-01-26,Borrowdale,Cake_Slice,692,196,235,653
2025-01-26,Avondale,Bread_Standard,513,57,188,382
2025-01-26,Avondale,Bread_Premium,554,189,138,605
2025-01-26,Avondale,Buns_6pk,448,127,186,389
2025-01-26,Avondale,Rolls_6pk,547,112,112,547
2025-01-26,Avondale,Doughnut,650,153,145,658
2025-01-26,Avondale,Cake_Slice,452,166,194,424
2025-01-26,Chitungwiza,Bread_Standard,337,65,197,205
2025-01-26,Chitungwiza,Bread_Premium,380,162,216,326
2025-01-26,Chitungwiza,Buns_6pk,512,173,196,489
2025-01-26,Chitungwiza,Rolls_6pk,537,102,137,502
2025-01-26,Chitungwiza,Doughnut,474,86,111,449
2025-01-26,Chitungwiza,Cake_Slice,460,131,245,346
2025-01-27,Harare_Main,Bread_Standard,675,138,163,650
2025-01-27,Harare_Main,Bread_Premium,504,83,113,474
2025-01-27,Harare_Main,Buns_6pk,689,144,171,662
2025-01-27,Harare_Main,Rolls_6pk,563,193,129,627
2025-01-27,Harare_Main,Doughnut,354,131,110,375
2025-01-27,Harare_Main,Cake_Slice,423,169,197,395
2025-01-27,Harare_North,Bread_Standard,362,118,91,389
2025-01-27,Harare_North,Bread_Premium,530,113,116,527
2025-01-27,Harare_North,Buns_6pk,372,74,79,367
2025-01-27,Harare_North,Rolls_6pk,325,124,83,366
2025-01-27,Harare_North,Doughnut,496,157,133,520
2025-01-27,Harare_North,Cake_Slice,427,90,124,393
2025-01-27,Borrowdale,Bread_Standard,467,197,176,488
2025-01-27,Borrowdale,Bread_Premium,669,130,179,620
2025-01-27,Borrowdale,Buns_6pk,397,90,195,292
2025-01-27,Borrowdale,Rolls_6pk,555,181,105,631
2025-01-27,Borrowdale,Doughnut,539,177,147,569
2025-01-27,Borrowdale,Cake_Slice,457,177,146,488
2025-01-27,Avondale,Bread_Standard,311,73,205,179
2025-01-27,Avondale,Bread_Premium,501,179,147,533
2025-01-27,Avondale,Buns_6pk,534,111,123,522
2025-01-27,Avondale,Rolls_6pk,410,199,91,518
2025-01-27,Avondale,Doughnut,480,62,184,358
2025-01-27,Avondale,Cake_Slice,325,122,169,278
2025-01-27,Chitungwiza,Bread_Standard,553,170,137,586
2025-01-27,Chitungwiza,Bread_Premium,446,187,146,487
2025-01-27,Chitungwiza,Buns_6pk,304,77,124,257
2025-01-27,Chitungwiza,Rolls_6pk,520,84,117,487
2025-01-27,Chitungwiza,Doughnut,435,143,102,476
2025-01-27,Chitungwiza,Cake_Slice,691,153,148,696
2025-01-28,Harare_Main,Bread_Standard,487,61,148,400
2025-01-28,Harare_Main,Bread_Premium,505,63,89,479
2025-01-28,Harare_Main,Buns_6pk,591,193,196,588
2025-01-28,Harare_Main,Rolls_6pk,399,142,180,361
2025-01-28,Harare_Main,Doughnut,583,123,184,522
2025-01-28,Harare_Main,Cake_Slice,337,148,180,305
2025-01-28,Harare_North,Bread_Standard,558,165,204,519
2025-01-28,Harare_North,Bread_Premium,691,190,100,781
2025-01-28,Harare_North,Buns_6pk,443,80,212,311
2025-01-28,Harare_North,Rolls_6pk,365,74,128,311
2025-01-28,Harare_North,Doughnut,501,145,102,544
2025-01-28,Harare_North,Cake_Slice,473,192,100,565
2025-01-28,Borrowdale,Bread_Standard,487,86,201,372
2025-01-28,Borrowdale,Bread_Premium,401,180,165,416
2025-01-28,Borrowdale,Buns_6pk,505,178,153,530
2025-01-28,Borrowdale,Rolls_6pk,320,61,143,238
2025-01-28,Borrowdale,Doughnut,319,85,95,309
2025-01-28,Borrowdale,Cake_Slice,665,135,154,646
2025-01-28,Avondale,Bread_Standard,542,182,115,609
2025-01-28,Avondale,Bread_Premium,533,88,200,421
2025-01-28,Avondale,Buns_6pk,610,181,190,601
2025-01-28,Avondale,Rolls_6pk,371,133,100,404
2025-01-28,Avondale,Doughnut,613,131,130,614
2025-01-28,Avondale,Cake_Slice,383,150,97,436
2025-01-28,Chitungwiza,Bread_Standard,615,126,154,587
2025-01-28,Chitungwiza,Bread_Premium,603,136,150,589
2025-01-28,Chitungwiza,Buns_6pk,559,180,177,562
2025-01-28,Chitungwiza,Rolls_6pk,572,175,145,602
2025-01-28,Chitungwiza,Doughnut,662,194,145,711
2025-01-28,Chitungwiza,Cake_Slice,453,171,136,488
2025-01-29,Harare_Main,Bread_Standard,308,144,123,329
2025-01-29,Harare_Main,Bread_Premium,469,78,181,366
2025-01-29,Harare_Main,Buns_6pk,513,199,199,513
2025-01-29,Harare_Main,Rolls_6pk,457,56,120,393
2025-01-29,Harare_Main,Doughnut,605,171,172,604
2025-01-29,Harare_Main,Cake_Slice,435,198,187,446
2025-01-29,Harare_North,Bread_Standard,595,108,158,545
2025-01-29,Harare_North,Bread_Premium,669,63,187,545
2025-01-29,Harare_North,Buns_6pk,598,172,136,634
2025-01-29,Harare_North,Rolls_6pk,387,184,127,444
2025-01-29,Harare_North,Doughnut,622,147,176,593
2025-01-29,Harare_North,Cake_Slice,375,112,214,273
2025-01-29,Borrowdale,Bread_Standard,316,196,137,375
2025-01-29,Borrowdale,Bread_Premium,658,78,136,600
2025-01-29,Borrowdale,Buns_6pk,397,54,176,275
2025-01-29,Borrowdale,Rolls_6pk,525,130,107,548
2025-01-29,Borrowdale,Doughnut,514,88,173,429
2025-01-29,Borrowdale,Cake_Slice,511,102,201,412
2025-01-29,Avondale,Bread_Standard,510,178,144,544
2025-01-29,Avondale,Bread_Premium,696,170,146,720
2025-01-29,Avondale,Buns_6pk,676,65,139,602
2025-01-29,Avondale,Rolls_6pk,661,85,148,598
2025-01-29,Avondale,Doughnut,565,103,103,565
2025-01-29,Avondale,Cake_Slice,587,133,208,512
2025-01-29,Chitungwiza,Bread_Standard,639,172,152,659
2025-01-29,Chitungwiza,Bread_Premium,569,146,113,602
2025-01-29,Chitungwiza,Buns_6pk,460,94,152,402
2025-01-29,Chitungwiza,Rolls_6pk,535,186,140,581
2025-01-29,Chitungwiza,Doughnut,475,189,165,499
2025-01-29,Chitungwiza,Cake_Slice,481,117,143,455
2025-01-30,Harare_Main,Bread_Standard,612,173,154,631
2025-01-30,Harare_Main,Bread_Premium,398,113,131,380
2025-01-30,Harare_Main,Buns_6pk,442,192,112,522
2025-01-30,Harare_Main,Rolls_6pk,452,107,127,432
2025-01-30,Harare_Main,Doughnut,452,123,80,495
2025-01-30,Harare_Main,Cake_Slice,660,103,170,593
2025-01-30,Harare_North,Bread_Standard,653,175,119,709
2025-01-30,Harare_North,Bread_Premium,462,172,95,539
2025-01-30,Harare_North,Buns_6pk,478,193,105,566
2025-01-30,Harare_North,Rolls_6pk,669,120,135,654
2025-01-30,Harare_North,Doughnut,447,81,121,407
2025-01-30,Harare_North,Cake_Slice,593,189,211,571
2025-01-30,Borrowdale,Bread_Standard,494,151,126,519
2025-01-30,Borrowdale,Bread_Premium,476,87,91,472
2025-01-30,Borrowdale,Buns_6pk,448,60,96,412
2025-01-30,Borrowdale,Rolls_6pk,447,70,111,406
2025-01-30,Borrowdale,Doughnut,477,163,108,532
2025-01-30,Borrowdale,Cake_Slice,635,115,134,616
2025-01-30,Avondale,Bread_Standard,682,172,142,712
2025-01-30,Avondale,Bread_Premium,409,101,109,401
2025-01-30,Avondale,Buns_6pk,575,119,157,537
2025-01-30,Avondale,Rolls_6pk,587,119,95,611
2025-01-30,Avondale,Doughnut,370,77,95,352
2025-01-30,Avondale,Cake_Slice,615,200,122,693
2025-01-30,Chitungwiza,Bread_Standard,422,112,123,411
2025-01-30,Chitungwiza,Bread_Premium,325,185,121,389
2025-01-30,Chitungwiza,Buns_6pk,415,109,150,374
2025-01-30,Chitungwiza,Rolls_6pk,326,75,122,279
2025-01-30,Chitungwiza,Doughnut,511,134,145,500
2025-01-30,Chitungwiza,Cake_Slice,667,170,78,759
2025-01-31,Harare_Main,Bread_Standard,351,85,99,337
2025-01-31,Harare_Main,Bread_Premium,302,190,189,303
2025-01-31,Harare_Main,Buns_6pk,380,154,144,390
2025-01-31,Harare_Main,Rolls_6pk,634,171,148,657
2025-01-31,Harare_Main,Doughnut,544,101,179,466
2025-01-31,Harare_Main,Cake_Slice,687,123,190,620
2025-01-31,Harare_North,Bread_Standard,464,123,139,448
2025-01-31,Harare_North,Bread_Premium,630,65,156,539
2025-01-31,Harare_North,Buns_6pk,693,72,86,679
2025-01-31,Harare_North,Rolls_6pk,633,196,187,642
2025-01-31,Harare_North,Doughnut,418,186,169,435
2025-01-31,Harare_North,Cake_Slice,678,59,190,547
2025-01-31,Borrowdale,Bread_Standard,389,156,158,387
2025-01-31,Borrowdale,Bread_Premium,390,59,144,305
2025-01-31,Borrowdale,Buns_6pk,503,176,128,551
2025-01-31,Borrowdale,Rolls_6pk,395,124,81,438
2025-01-31,Borrowdale,Doughnut,319,52,209,162
2025-01-31,Borrowdale,Cake_Slice,452,195,106,541
2025-01-31,Avondale,Bread_Standard,608,77,107,578
2025-01-31,Avondale,Bread_Premium,471,122,190,403
2025-01-31,Avondale,Buns_6pk,532,189,136,585
2025-01-31,Avondale,Rolls_6pk,568,176,188,556
2025-01-31,Avondale,Doughnut,368,179,192,355
2025-01-31,Avondale,Cake_Slice,539,119,186,472
2025-01-31,Chitungwiza,Bread_Standard,398,78,127,349
2025-01-31,Chitungwiza,Bread_Premium,469,91,156,404
2025-01-31,Chitungwiza,Buns_6pk,674,167,155,686
2025-01-31,Chitungwiza,Rolls_6pk,631,115,158,588
2025-01-31,Chitungwiza,Doughnut,667,97,147,617
2025-01-31,Chitungwiza,Cake_Slice,307,136,188,255
