date,store,sku,quantity_sold,unit_price,sales_amount
2025-01-01,Harare_Main,Bread_Standard,156,1.0,156.0
2025-01-01,Harare_Main,Bread_Premium,101,1.4,141.4
2025-01-01,Harare_Main,Buns_6pk,72,1.1,79.2
2025-01-01,Harare_Main,Rolls_6pk,178,1.0,178.0
2025-01-01,Harare_Main,Doughnut,127,0.5,63.5
2025-01-01,Harare_Main,Cake_Slice,100,0.8,80.0
2025-01-01,Harare_North,Bread_Standard,102,1.0,102.0
2025-01-01,Harare_North,Bread_Premium,95,1.4,133.0
2025-01-01,Harare_North,Buns_6pk,178,1.1,195.8
2025-01-01,Harare_North,Rolls_6pk,87,1.0,87.0
2025-01-01,Harare_North,Doughnut,164,0.5,82.0
2025-01-01,Harare_North,Cake_Slice,161,0.8,128.8
2025-01-01,Borrowdale,Bread_Standard,198,1.0,198.0
2025-01-01,Borrowdale,Bread_Premium,153,1.4,214.2
2025-01-01,Borrowdale,Buns_6pk,85,1.1,93.5
2025-01-01,Borrowdale,Rolls_6pk,162,1.0,162.0
2025-01-01,Borrowdale,Doughnut,118,0.5,59.0
2025-01-01,Borrowdale,Cake_Slice,77,0.8,61.6
2025-01-01,Avondale,Bread_Standard,78,1.0,78.0
2025-01-01,Avondale,Bread_Premium,92,1.4,128.8
2025-01-01,Avondale,Buns_6pk,110,1.1,121.0
2025-01-01,Avondale,Rolls_6pk,92,1.0,92.0
2025-01-01,Avondale,Doughnut,115,0.5,57.5
2025-01-01,Avondale,Cake_Slice,153,0.8,122.4
2025-01-01,Chitungwiza,Bread_Standard,93,1.0,93.0
2025-01-01,Chitungwiza,Bread_Premium,143,1.4,200.2
2025-01-01,Chitungwiza,Buns_6pk,92,1.1,101.2
2025-01-01,Chitungwiza,Rolls_6pk,182,1.0,182.0
2025-01-01,Chitungwiza,Doughnut,171,0.5,85.5
2025-01-01,Chitungwiza,Cake_Slice,180,0.8,144.0
2025-01-02,Harare_Main,Bread_Standard,144,1.0,144.0
2025-01-02,Harare_Main,Bread_Premium,148,1.4,207.2
2025-01-02,Harare_Main,Buns_6pk,103,1.1,113.3
2025-01-02,Harare_Main,Rolls_6pk,130,1.0,130.0
2025-01-02,Harare_Main,Doughnut,164,0.5,82.0
2025-01-02,Harare_Main,Cake_Slice,130,0.8,104.0
2025-01-02,Harare_North,Bread_Standard,164,1.0,164.0
2025-01-02,Harare_North,Bread_Premium,202,1.4,282.8
2025-01-02,Harare_North,Buns_6pk,88,1.1,96.8
2025-01-02,Harare_North,Rolls_6pk,178,1.0,178.0
2025-01-02,Harare_North,Doughnut,175,0.5,87.5
2025-01-02,Harare_North,Cake_Slice,116,0.8,92.8
2025-01-02,Borrowdale,Bread_Standard,166,1.0,166.0
2025-01-02,Borrowdale,Bread_Premium,124,1.4,173.6
2025-01-02,Borrowdale,Buns_6pk,116,1.1,127.6
2025-01-02,Borrowdale,Rolls_6pk,135,1.0,135.0
2025-01-02,Borrowdale,Doughnut,103,0.5,51.5
2025-01-02,Borrowdale,Cake_Slice,117,0.8,93.6
2025-01-02,Avondale,Bread_Standard,196,1.0,196.0
2025-01-02,Avondale,Bread_Premium,117,1.4,163.8
2025-01-02,Avondale,Buns_6pk,85,1.1,93.5
2025-01-02,Avondale,Rolls_6pk,89,1.0,89.0
2025-01-02,Avondale,Doughnut,112,0.5,56.0
2025-01-02,Avondale,Cake_Slice,112,0.8,89.6
2025-01-02,Chitungwiza,Bread_Standard,126,1.0,126.0
2025-01-02,Chitungwiza,Bread_Premium,225,1.4,315.0
2025-01-02,Chitungwiza,Buns_6pk,124,1.1,136.4
2025-01-02,Chitungwiza,Rolls_6pk,149,1.0,149.0
2025-01-02,Chitungwiza,Doughnut,116,0.5,58.0
2025-01-02,Chitungwiza,Cake_Slice,153,0.8,122.4
2025-01-03,Harare_Main,Bread_Standard,100,1.0,100.0
2025-01-03,Harare_Main,Bread_Premium,157,1.4,219.8
2025-01-03,Harare_Main,Buns_6pk,144,1.1,158.4
2025-01-03,Harare_Main,Rolls_6pk,138,1.0,138.0
2025-01-03,Harare_Main,Doughnut,91,0.5,45.5
2025-01-03,Harare_Main,Cake_Slice,203,0.8,162.4
2025-01-03,Harare_North,Bread_Standard,110,1.0,110.0
2025-01-03,Harare_North,Bread_Premium,85,1.4,119.0
2025-01-03,Harare_North,Buns_6pk,156,1.1,171.6
2025-01-03,Harare_North,Rolls_6pk,117,1.0,117.0
2025-01-03,Harare_North,Doughnut,192,0.5,96.0
2025-01-03,Harare_North,Cake_Slice,167,0.8,133.6
2025-01-03,Borrowdale,Bread_Standard,184,1.0,184.0
2025-01-03,Borrowdale,Bread_Premium,186,1.4,260.4
2025-01-03,Borrowdale,Buns_6pk,214,1.1,235.4
2025-01-03,Borrowdale,Rolls_6pk,118,1.0,118.0
2025-01-03,Borrowdale,Doughnut,166,0.5,83.0
2025-01-03,Borrowdale,Cake_Slice,105,0.8,84.0
2025-01-03,Avondale,Bread_Standard,149,1.0,149.0
2025-01-03,Avondale,Bread_Premium,102,1.4,142.8
2025-01-03,Avondale,Buns_6pk,81,1.1,89.1
2025-01-03,Avondale,Rolls_6pk,182,1.0,182.0
2025-01-03,Avondale,Doughnut,113,0.5,56.5
2025-01-03,Avondale,Cake_Slice,163,0.8,130.4
2025-01-03,Chitungwiza,Bread_Standard,120,1.0,120.0
2025-01-03,Chitungwiza,Bread_Premium,76,1.4,106.4
2025-01-03,Chitungwiza,Buns_6pk,191,1.1,210.1
2025-01-03,Chitungwiza,Rolls_6pk,114,1.0,114.0
2025-01-03,Chitungwiza,Doughnut,199,0.5,99.5
2025-01-03,Chitungwiza,Cake_Slice,87,0.8,69.6
2025-01-04,Harare_Main,Bread_Standard,172,1.0,172.0
2025-01-04,Harare_Main,Bread_Premium,155,1.4,217.0
2025-01-04,Harare_Main,Buns_6pk,158,1.1,173.8
2025-01-04,Harare_Main,Rolls_6pk,199,1.0,199.0
2025-01-04,Harare_Main,Doughnut,264,0.5,132.0
2025-01-04,Harare_Main,Cake_Slice,175,0.8,140.0
2025-01-04,Harare_North,Bread_Standard,132,1.0,132.0
2025-01-04,Harare_North,Bread_Premium,152,1.4,212.8
2025-01-04,Harare_North,Buns_6pk,153,1.1,168.3
2025-01-04,Harare_North,Rolls_6pk,142,1.0,142.0
2025-01-04,Harare_North,Doughnut,238,0.5,119.0
2025-01-04,Harare_North,Cake_Slice,145,0.8,116.0
2025-01-04,Borrowdale,Bread_Standard,210,1.0,210.0
2025-01-04,Borrowdale,Bread_Premium,277,1.4,387.8
2025-01-04,Borrowdale,Buns_6pk,201,1.1,221.1
2025-01-04,Borrowdale,Rolls_6pk,238,1.0,238.0
2025-01-04,Borrowdale,Doughnut,117,0.5,58.5
2025-01-04,Borrowdale,Cake_Slice,186,0.8,148.8
2025-01-04,Avondale,Bread_Standard,228,1.0,228.0
2025-01-04,Avondale,Bread_Premium,138,1.4,193.2
2025-01-04,Avondale,Buns_6pk,186,1.1,204.6
2025-01-04,Avondale,Rolls_6pk,239,1.0,239.0
2025-01-04,Avondale,Doughnut,159,0.5,79.5
2025-01-04,Avondale,Cake_Slice,130,0.8,104.0
2025-01-04,Chitungwiza,Bread_Standard,193,1.0,193.0
2025-01-04,Chitungwiza,Bread_Premium,174,1.4,243.6
2025-01-04,Chitungwiza,Buns_6pk,165,1.1,181.5
2025-01-04,Chitungwiza,Rolls_6pk,251,1.0,251.0
2025-01-04,Chitungwiza,Doughnut,212,0.5,106.0
2025-01-04,Chitungwiza,Cake_Slice,216,0.8,172.8
2025-01-05,Harare_Main,Bread_Standard,187,1.0,187.0
2025-01-05,Harare_Main,Bread_Premium,104,1.4,145.6
2025-01-05,Harare_Main,Buns_6pk,232,1.1,255.2
2025-01-05,Harare_Main,Rolls_6pk,140,1.0,140.0
2025-01-05,Harare_Main,Doughnut,256,0.5,128.0
2025-01-05,Harare_Main,Cake_Slice,236,0.8,188.8
2025-01-05,Harare_North,Bread_Standard,198,1.0,198.0
2025-01-05,Harare_North,Bread_Premium,114,1.4,159.6
2025-01-05,Harare_North,Buns_6pk,141,1.1,155.1
2025-01-05,Harare_North,Rolls_6pk,254,1.0,254.0
2025-01-05,Harare_North,Doughnut,107,0.5,53.5
2025-01-05,Harare_North,Cake_Slice,254,0.8,203.2
2025-01-05,Borrowdale,Bread_Standard,153,1.0,153.0
2025-01-05,Borrowdale,Bread_Premium,155,1.4,217.0
2025-01-05,Borrowdale,Buns_6pk,150,1.1,165.0
2025-01-05,Borrowdale,Rolls_6pk,119,1.0,119.0
2025-01-05,Borrowdale,Doughnut,141,0.5,70.5
2025-01-05,Borrowdale,Cake_Slice,250,0.8,200.0
2025-01-05,Avondale,Bread_Standard,253,1.0,253.0
2025-01-05,Avondale,Bread_Premium,164,1.4,229.6
2025-01-05,Avondale,Buns_6pk,268,1.1,294.8
2025-01-05,Avondale,Rolls_6pk,221,1.0,221.0
2025-01-05,Avondale,Doughnut,156,0.5,78.0
2025-01-05,Avondale,Cake_Slice,126,0.8,100.8
2025-01-05,Chitungwiza,Bread_Standard,207,1.0,207.0
2025-01-05,Chitungwiza,Bread_Premium,190,1.4,266.0
2025-01-05,Chitungwiza,Buns_6pk,164,1.1,180.4
2025-01-05,Chitungwiza,Rolls_6pk,250,1.0,250.0
2025-01-05,Chitungwiza,Doughnut,263,0.5,131.5
2025-01-05,Chitungwiza,Cake_Slice,183,0.8,146.4
2025-01-06,Harare_Main,Bread_Standard,162,1.0,162.0
2025-01-06,Harare_Main,Bread_Premium,95,1.4,133.0
2025-01-06,Harare_Main,Buns_6pk,112,1.1,123.2
2025-01-06,Harare_Main,Rolls_6pk,117,1.0,117.0
2025-01-06,Harare_Main,Doughnut,101,0.5,50.5
2025-01-06,Harare_Main,Cake_Slice,155,0.8,124.0
2025-01-06,Harare_North,Bread_Standard,132,1.0,132.0
2025-01-06,Harare_North,Bread_Premium,126,1.4,176.4
2025-01-06,Harare_North,Buns_6pk,125,1.1,137.5
2025-01-06,Harare_North,Rolls_6pk,188,1.0,188.0
2025-01-06,Harare_North,Doughnut,137,0.5,68.5
2025-01-06,Harare_North,Cake_Slice,138,0.8,110.4
2025-01-06,Borrowdale,Bread_Standard,204,1.0,204.0
2025-01-06,Borrowdale,Bread_Premium,146,1.4,204.4
2025-01-06,Borrowdale,Buns_6pk,140,1.1,154.0
2025-01-06,Borrowdale,Rolls_6pk,122,1.0,122.0
2025-01-06,Borrowdale,Doughnut,103,0.5,51.5
2025-01-06,Borrowdale,Cake_Slice,109,0.8,87.2
2025-01-06,Avondale,Bread_Standard,154,1.0,154.0
2025-01-06,Avondale,Bread_Premium,125,1.4,175.0
2025-01-06,Avondale,Buns_6pk,91,1.1,100.1
2025-01-06,Avondale,Rolls_6pk,169,1.0,169.0
2025-01-06,Avondale,Doughnut,83,0.5,41.5
2025-01-06,Avondale,Cake_Slice,212,0.8,169.6
2025-01-06,Chitungwiza,Bread_Standard,89,1.0,89.0
2025-01-06,Chitungwiza,Bread_Premium,121,1.4,169.4
2025-01-06,Chitungwiza,Buns_6pk,165,1.1,181.5
2025-01-06,Chitungwiza,Rolls_6pk,94,1.0,94.0
2025-01-06,Chitungwiza,Doughnut,188,0.5,94.0
2025-01-06,Chitungwiza,Cake_Slice,179,0.8,143.2
2025-01-07,Harare_Main,Bread_Standard,115,1.0,115.0
2025-01-07,Harare_Main,Bread_Premium,130,1.4,182.0
2025-01-07,Harare_Main,Buns_6pk,86,1.1,94.6
2025-01-07,Harare_Main,Rolls_6pk,124,1.0,124.0
2025-01-07,Harare_Main,Doughnut,114,0.5,57.0
2025-01-07,Harare_Main,Cake_Slice,160,0.8,128.0
2025-01-07,Harare_North,Bread_Standard,119,1.0,119.0
2025-01-07,Harare_North,Bread_Premium,125,1.4,175.0
2025-01-07,Harare_North,Buns_6pk,119,1.1,130.9
2025-01-07,Harare_North,Rolls_6pk,130,1.0,130.0
2025-01-07,Harare_North,Doughnut,185,0.5,92.5
2025-01-07,Harare_North,Cake_Slice,195,0.8,156.0
2025-01-07,Borrowdale,Bread_Standard,89,1.0,89.0
2025-01-07,Borrowdale,Bread_Premium,164,1.4,229.6
2025-01-07,Borrowdale,Buns_6pk,153,1.1,168.3
2025-01-07,Borrowdale,Rolls_6pk,74,1.0,74.0
2025-01-07,Borrowdale,Doughnut,149,0.5,74.5
2025-01-07,Borrowdale,Cake_Slice,203,0.8,162.4
2025-01-07,Avondale,Bread_Standard,180,1.0,180.0
2025-01-07,Avondale,Bread_Premium,167,1.4,233.8
2025-01-07,Avondale,Buns_6pk,95,1.1,104.5
2025-01-07,Avondale,Rolls_6pk,183,1.0,183.0
2025-01-07,Avondale,Doughnut,160,0.5,80.0
2025-01-07,Avondale,Cake_Slice,126,0.8,100.8
2025-01-07,Chitungwiza,Bread_Standard,71,1.0,71.0
2025-01-07,Chitungwiza,Bread_Premium,116,1.4,162.4
2025-01-07,Chitungwiza,Buns_6pk,127,1.1,139.7
2025-01-07,Chitungwiza,Rolls_6pk,99,1.0,99.0
2025-01-07,Chitungwiza,Doughnut,141,0.5,70.5
2025-01-07,Chitungwiza,Cake_Slice,85,0.8,68.0
2025-01-08,Harare_Main,Bread_Standard,164,1.0,164.0
2025-01-08,Harare_Main,Bread_Premium,200,1.4,280.0
2025-01-08,Harare_Main,Buns_6pk,193,1.1,212.3
2025-01-08,Harare_Main,Rolls_6pk,137,1.0,137.0
2025-01-08,Harare_Main,Doughnut,148,0.5,74.0
2025-01-08,Harare_Main,Cake_Slice,202,0.8,161.6
2025-01-08,Harare_North,Bread_Standard,78,1.0,78.0
2025-01-08,Harare_North,Bread_Premium,140,1.4,196.0
2025-01-08,Harare_North,Buns_6pk,200,1.1,220.0
2025-01-08,Harare_North,Rolls_6pk,104,1.0,104.0
2025-01-08,Harare_North,Doughnut,188,0.5,94.0
2025-01-08,Harare_North,Cake_Slice,175,0.8,140.0
2025-01-08,Borrowdale,Bread_Standard,116,1.0,116.0
2025-01-08,Borrowdale,Bread_Premium,219,1.4,306.6
2025-01-08,Borrowdale,Buns_6pk,150,1.1,165.0
2025-01-08,Borrowdale,Rolls_6pk,148,1.0,148.0
2025-01-08,Borrowdale,Doughnut,139,0.5,69.5
2025-01-08,Borrowdale,Cake_Slice,106,0.8,84.8
2025-01-08,Avondale,Bread_Standard,100,1.0,100.0
2025-01-08,Avondale,Bread_Premium,129,1.4,180.6
2025-01-08,Avondale,Buns_6pk,195,1.1,214.5
2025-01-08,Avondale,Rolls_6pk,87,1.0,87.0
2025-01-08,Avondale,Doughnut,159,0.5,79.5
2025-01-08,Avondale,Cake_Slice,187,0.8,149.6
2025-01-08,Chitungwiza,Bread_Standard,180,1.0,180.0
2025-01-08,Chitungwiza,Bread_Premium,142,1.4,198.8
2025-01-08,Chitungwiza,Buns_6pk,193,1.1,212.3
2025-01-08,Chitungwiza,Rolls_6pk,94,1.0,94.0
2025-01-08,Chitungwiza,Doughnut,156,0.5,78.0
2025-01-08,Chitungwiza,Cake_Slice,118,0.8,94.4
2025-01-09,Harare_Main,Bread_Standard,128,1.0,128.0
2025-01-09,Harare_Main,Bread_Premium,82,1.4,114.8
2025-01-09,Harare_Main,Buns_6pk,93,1.1,102.3
2025-01-09,Harare_Main,Rolls_6pk,198,1.0,198.0
2025-01-09,Harare_Main,Doughnut,130,0.5,65.0
2025-01-09,Harare_Main,Cake_Slice,167,0.8,133.6
2025-01-09,Harare_North,Bread_Standard,168,1.0,168.0
2025-01-09,Harare_North,Bread_Premium,166,1.4,232.4
2025-01-09,Harare_North,Buns_6pk,108,1.1,118.8
2025-01-09,Harare_North,Rolls_6pk,126,1.0,126.0
2025-01-09,Harare_North,Doughnut,92,0.5,46.0
2025-01-09,Harare_North,Cake_Slice,99,0.8,79.2
2025-01-09,Borrowdale,Bread_Standard,177,1.0,177.0
2025-01-09,Borrowdale,Bread_Premium,139,1.4,194.6
2025-01-09,Borrowdale,Buns_6pk,77,1.1,84.7
2025-01-09,Borrowdale,Rolls_6pk,81,1.0,81.0
2025-01-09,Borrowdale,Doughnut,173,0.5,86.5
2025-01-09,Borrowdale,Cake_Slice,146,0.8,116.8
2025-01-09,Avondale,Bread_Standard,157,1.0,157.0
2025-01-09,Avondale,Bread_Premium,97,1.4,135.8
2025-01-09,Avondale,Buns_6pk,163,1.1,179.3
2025-01-09,Avondale,Rolls_6pk,143,1.0,143.0
2025-01-09,Avondale,Doughnut,183,0.5,91.5
2025-01-09,Avondale,Cake_Slice,95,0.8,76.0
2025-01-09,Chitungwiza,Bread_Standard,69,1.0,69.0
2025-01-09,Chitungwiza,Bread_Premium,172,1.4,240.8
2025-01-09,Chitungwiza,Buns_6pk,140,1.1,154.0
2025-01-09,Chitungwiza,Rolls_6pk,132,1.0,132.0
2025-01-09,Chitungwiza,Doughnut,102,0.5,51.0
2025-01-09,Chitungwiza,Cake_Slice,105,0.8,84.0
2025-01-10,Harare_Main,Bread_Standard,136,1.0,136.0
2025-01-10,Harare_Main,Bread_Premium,172,1.4,240.8
2025-01-10,Harare_Main,Buns_6pk,160,1.1,176.0
2025-01-10,Harare_Main,Rolls_6pk,145,1.0,145.0
2025-01-10,Harare_Main,Doughnut,90,0.5,45.0
2025-01-10,Harare_Main,Cake_Slice,201,0.8,160.8
2025-01-10,Harare_North,Bread_Standard,147,1.0,147.0
2025-01-10,Harare_North,Bread_Premium,167,1.4,233.8
2025-01-10,Harare_North,Buns_6pk,179,1.1,196.9
2025-01-10,Harare_North,Rolls_6pk,172,1.0,172.0
2025-01-10,Harare_North,Doughnut,89,0.5,44.5
2025-01-10,Harare_North,Cake_Slice,161,0.8,128.8
2025-01-10,Borrowdale,Bread_Standard,108,1.0,108.0
2025-01-10,Borrowdale,Bread_Premium,119,1.4,166.6
2025-01-10,Borrowdale,Buns_6pk,143,1.1,157.3
2025-01-10,Borrowdale,Rolls_6pk,160,1.0,160.0
2025-01-10,Borrowdale,Doughnut,111,0.5,55.5
2025-01-10,Borrowdale,Cake_Slice,148,0.8,118.4
2025-01-10,Avondale,Bread_Standard,180,1.0,180.0
2025-01-10,Avondale,Bread_Premium,168,1.4,235.2
2025-01-10,Avondale,Buns_6pk,139,1.1,152.9
2025-01-10,Avondale,Rolls_6pk,103,1.0,103.0
2025-01-10,Avondale,Doughnut,105,0.5,52.5
2025-01-10,Avondale,Cake_Slice,108,0.8,86.4
2025-01-10,Chitungwiza,Bread_Standard,75,1.0,75.0
2025-01-10,Chitungwiza,Bread_Premium,116,1.4,162.4
2025-01-10,Chitungwiza,Buns_6pk,71,1.1,78.1
2025-01-10,Chitungwiza,Rolls_6pk,156,1.0,156.0
2025-01-10,Chitungwiza,Doughnut,144,0.5,72.0
2025-01-10,Chitungwiza,Cake_Slice,103,0.8,82.4
2025-01-11,Harare_Main,Bread_Standard,190,1.0,190.0
2025-01-11,Harare_Main,Bread_Premium,149,1.4,208.6
2025-01-11,Harare_Main,Buns_6pk,103,1.1,113.3
2025-01-11,Harare_Main,Rolls_6pk,110,1.0,110.0
2025-01-11,Harare_Main,Doughnut,201,0.5,100.5
2025-01-11,Harare_Main,Cake_Slice,237,0.8,189.6
2025-01-11,Harare_North,Bread_Standard,93,1.0,93.0
2025-01-11,Harare_North,Bread_Premium,143,1.4,200.2
2025-01-11,Harare_North,Buns_6pk,101,1.1,111.1
2025-01-11,Harare_North,Rolls_6pk,238,1.0,238.0
2025-01-11,Harare_North,Doughnut,97,0.5,48.5
2025-01-11,Harare_North,Cake_Slice,255,0.8,204.0
2025-01-11,Borrowdale,Bread_Standard,153,1.0,153.0
2025-01-11,Borrowdale,Bread_Premium,112,1.4,156.8
2025-01-11,Borrowdale,Buns_6pk,186,1.1,204.6
2025-01-11,Borrowdale,Rolls_6pk,142,1.0,142.0
2025-01-11,Borrowdale,Doughnut,158,0.5,79.0
2025-01-11,Borrowdale,Cake_Slice,202,0.8,161.6
2025-01-11,Avondale,Bread_Standard,179,1.0,179.0
2025-01-11,Avondale,Bread_Premium,158,1.4,221.2
2025-01-11,Avondale,Buns_6pk,174,1.1,191.4
2025-01-11,Avondale,Rolls_6pk,128,1.0,128.0
2025-01-11,Avondale,Doughnut,204,0.5,102.0
2025-01-11,Avondale,Cake_Slice,264,0.8,211.2
2025-01-11,Chitungwiza,Bread_Standard,272,1.0,272.0
2025-01-11,Chitungwiza,Bread_Premium,181,1.4,253.4
2025-01-11,Chitungwiza,Buns_6pk,187,1.1,205.7
2025-01-11,Chitungwiza,Rolls_6pk,193,1.0,193.0
2025-01-11,Chitungwiza,Doughnut,138,0.5,69.0
2025-01-11,Chitungwiza,Cake_Slice,212,0.8,169.6
2025-01-12,Harare_Main,Bread_Standard,164,1.0,164.0
2025-01-12,Harare_Main,Bread_Premium,252,1.4,352.8
2025-01-12,Harare_Main,Buns_6pk,160,1.1,176.0
2025-01-12,Harare_Main,Rolls_6pk,143,1.0,143.0
2025-01-12,Harare_Main,Doughnut,125,0.5,62.5
2025-01-12,Harare_Main,Cake_Slice,111,0.8,88.8
2025-01-12,Harare_North,Bread_Standard,198,1.0,198.0
2025-01-12,Harare_North,Bread_Premium,178,1.4,249.2
2025-01-12,Harare_North,Buns_6pk,161,1.1,177.1
2025-01-12,Harare_North,Rolls_6pk,158,1.0,158.0
2025-01-12,Harare_North,Doughnut,171,0.5,85.5
2025-01-12,Harare_North,Cake_Slice,205,0.8,164.0
2025-01-12,Borrowdale,Bread_Standard,256,1.0,256.0
2025-01-12,Borrowdale,Bread_Premium,233,1.4,326.2
2025-01-12,Borrowdale,Buns_6pk,113,1.1,124.3
2025-01-12,Borrowdale,Rolls_6pk,212,1.0,212.0
2025-01-12,Borrowdale,Doughnut,209,0.5,104.5
2025-01-12,Borrowdale,Cake_Slice,191,0.8,152.8
2025-01-12,Avondale,Bread_Standard,133,1.0,133.0
2025-01-12,Avondale,Bread_Premium,116,1.4,162.4
2025-01-12,Avondale,Buns_6pk,142,1.1,156.2
2025-01-12,Avondale,Rolls_6pk,238,1.0,238.0
2025-01-12,Avondale,Doughnut,153,0.5,76.5
2025-01-12,Avondale,Cake_Slice,238,0.8,190.4
2025-01-12,Chitungwiza,Bread_Standard,240,1.0,240.0
2025-01-12,Chitungwiza,Bread_Premium,128,1.4,179.2
2025-01-12,Chitungwiza,Buns_6pk,134,1.1,147.4
2025-01-12,Chitungwiza,Rolls_6pk,120,1.0,120.0
2025-01-12,Chitungwiza,Doughnut,135,0.5,67.5
2025-01-12,Chitungwiza,Cake_Slice,215,0.8,172.0
2025-01-13,Harare_Main,Bread_Standard,140,1.0,140.0
2025-01-13,Harare_Main,Bread_Premium,85,1.4,119.0
2025-01-13,Harare_Main,Buns_6pk,134,1.1,147.4
2025-01-13,Harare_Main,Rolls_6pk,84,1.0,84.0
2025-01-13,Harare_Main,Doughnut,105,0.5,52.5
2025-01-13,Harare_Main,Cake_Slice,128,0.8,102.4
2025-01-13,Harare_North,Bread_Standard,113,1.0,113.0
2025-01-13,Harare_North,Bread_Premium,203,1.4,284.2
2025-01-13,Harare_North,Buns_6pk,199,1.1,218.9
2025-01-13,Harare_North,Rolls_6pk,86,1.0,86.0
2025-01-13,Harare_North,Doughnut,122,0.5,61.0
2025-01-13,Harare_North,Cake_Slice,178,0.8,142.4
2025-01-13,Borrowdale,Bread_Standard,196,1.0,196.0
2025-01-13,Borrowdale,Bread_Premium,198,1.4,277.2
2025-01-13,Borrowdale,Buns_6pk,140,1.1,154.0
2025-01-13,Borrowdale,Rolls_6pk,101,1.0,101.0
2025-01-13,Borrowdale,Doughnut,90,0.5,45.0
2025-01-13,Borrowdale,Cake_Slice,143,0.8,114.4
2025-01-13,Avondale,Bread_Standard,157,1.0,157.0
2025-01-13,Avondale,Bread_Premium,202,1.4,282.8
2025-01-13,Avondale,Buns_6pk,85,1.1,93.5
2025-01-13,Avondale,Rolls_6pk,85,1.0,85.0
2025-01-13,Avondale,Doughnut,185,0.5,92.5
2025-01-13,Avondale,Cake_Slice,162,0.8,129.6
2025-01-13,Chitungwiza,Bread_Standard,185,1.0,185.0
2025-01-13,Chitungwiza,Bread_Premium,121,1.4,169.4
2025-01-13,Chitungwiza,Buns_6pk,93,1.1,102.3
2025-01-13,Chitungwiza,Rolls_6pk,135,1.0,135.0
2025-01-13,Chitungwiza,Doughnut,146,0.5,73.0
2025-01-13,Chitungwiza,Cake_Slice,143,0.8,114.4
2025-01-14,Harare_Main,Bread_Standard,101,1.0,101.0
2025-01-14,Harare_Main,Bread_Premium,201,1.4,281.4
2025-01-14,Harare_Main,Buns_6pk,146,1.1,160.6
2025-01-14,Harare_Main,Rolls_6pk,216,1.0,216.0
2025-01-14,Harare_Main,Doughnut,85,0.5,42.5
2025-01-14,Harare_Main,Cake_Slice,94,0.8,75.2
2025-01-14,Harare_North,Bread_Standard,132,1.0,132.0
2025-01-14,Harare_North,Bread_Premium,69,1.4,96.6
2025-01-14,Harare_North,Buns_6pk,117,1.1,128.7
2025-01-14,Harare_North,Rolls_6pk,98,1.0,98.0
2025-01-14,Harare_North,Doughnut,188,0.5,94.0
2025-01-14,Harare_North,Cake_Slice,186,0.8,148.8
2025-01-14,Borrowdale,Bread_Standard,167,1.0,167.0
2025-01-14,Borrowdale,Bread_Premium,123,1.4,172.2
2025-01-14,Borrowdale,Buns_6pk,130,1.1,143.0
2025-01-14,Borrowdale,Rolls_6pk,137,1.0,137.0
2025-01-14,Borrowdale,Doughnut,166,0.5,83.0
2025-01-14,Borrowdale,Cake_Slice,174,0.8,139.2
2025-01-14,Avondale,Bread_Standard,165,1.0,165.0
2025-01-14,Avondale,Bread_Premium,130,1.4,182.0
2025-01-14,Avondale,Buns_6pk,154,1.1,169.4
2025-01-14,Avondale,Rolls_6pk,163,1.0,163.0
2025-01-14,Avondale,Doughnut,150,0.5,75.0
2025-01-14,Avondale,Cake_Slice,101,0.8,80.8
2025-01-14,Chitungwiza,Bread_Standard,111,1.0,111.0
2025-01-14,Chitungwiza,Bread_Premium,120,1.4,168.0
2025-01-14,Chitungwiza,Buns_6pk,107,1.1,117.7
2025-01-14,Chitungwiza,Rolls_6pk,82,1.0,82.0
2025-01-14,Chitungwiza,Doughnut,136,0.5,68.0
2025-01-14,Chitungwiza,Cake_Slice,183,0.8,146.4
2025-01-15,Harare_Main,Bread_Standard,156,1.0,156.0
2025-01-15,Harare_Main,Bread_Premium,80,1.4,112.0
2025-01-15,Harare_Main,Buns_6pk,188,1.1,206.8
2025-01-15,Harare_Main,Rolls_6pk,112,1.0,112.0
2025-01-15,Harare_Main,Doughnut,83,0.5,41.5
2025-01-15,Harare_Main,Cake_Slice,102,0.8,81.6
2025-01-15,Harare_North,Bread_Standard,182,1.0,182.0
2025-01-15,Harare_North,Bread_Premium,129,1.4,180.6
2025-01-15,Harare_North,Buns_6pk,160,1.1,176.0
2025-01-15,Harare_North,Rolls_6pk,211,1.0,211.0
2025-01-15,Harare_North,Doughnut,197,0.5,98.5
2025-01-15,Harare_North,Cake_Slice,138,0.8,110.4
2025-01-15,Borrowdale,Bread_Standard,121,1.0,121.0
2025-01-15,Borrowdale,Bread_Premium,77,1.4,107.8
2025-01-15,Borrowdale,Buns_6pk,165,1.1,181.5
2025-01-15,Borrowdale,Rolls_6pk,96,1.0,96.0
2025-01-15,Borrowdale,Doughnut,212,0.5,106.0
2025-01-15,Borrowdale,Cake_Slice,124,0.8,99.2
2025-01-15,Avondale,Bread_Standard,83,1.0,83.0
2025-01-15,Avondale,Bread_Premium,145,1.4,203.0
2025-01-15,Avondale,Buns_6pk,71,1.1,78.1
2025-01-15,Avondale,Rolls_6pk,160,1.0,160.0
2025-01-15,Avondale,Doughnut,163,0.5,81.5
2025-01-15,Avondale,Cake_Slice,111,0.8,88.8
2025-01-15,Chitungwiza,Bread_Standard,125,1.0,125.0
2025-01-15,Chitungwiza,Bread_Premium,109,1.4,152.6
2025-01-15,Chitungwiza,Buns_6pk,188,1.1,206.8
2025-01-15,Chitungwiza,Rolls_6pk,211,1.0,211.0
2025-01-15,Chitungwiza,Doughnut,168,0.5,84.0
2025-01-15,Chitungwiza,Cake_Slice,132,0.8,105.6
2025-01-16,Harare_Main,Bread_Standard,164,1.0,164.0
2025-01-16,Harare_Main,Bread_Premium,155,1.4,217.0
2025-01-16,Harare_Main,Buns_6pk,93,1.1,102.3
2025-01-16,Harare_Main,Rolls_6pk,156,1.0,156.0
2025-01-16,Harare_Main,Doughnut,82,0.5,41.0
2025-01-16,Harare_Main,Cake_Slice,128,0.8,102.4
2025-01-16,Harare_North,Bread_Standard,156,1.0,156.0
2025-01-16,Harare_North,Bread_Premium,123,1.4,172.2
2025-01-16,Harare_North,Buns_6pk,148,1.1,162.8
2025-01-16,Harare_North,Rolls_6pk,157,1.0,157.0
2025-01-16,Harare_North,Doughnut,117,0.5,58.5
2025-01-16,Harare_North,Cake_Slice,229,0.8,183.2
2025-01-16,Borrowdale,Bread_Standard,116,1.0,116.0
2025-01-16,Borrowdale,Bread_Premium,127,1.4,177.8
2025-01-16,Borrowdale,Buns_6pk,169,1.1,185.9
2025-01-16,Borrowdale,Rolls_6pk,160,1.0,160.0
2025-01-16,Borrowdale,Doughnut,110,0.5,55.0
2025-01-16,Borrowdale,Cake_Slice,119,0.8,95.2
2025-01-16,Avondale,Bread_Standard,110,1.0,110.0
2025-01-16,Avondale,Bread_Premium,137,1.4,191.8
2025-01-16,Avondale,Buns_6pk,106,1.1,116.6
2025-01-16,Avondale,Rolls_6pk,154,1.0,154.0
2025-01-16,Avondale,Doughnut,165,0.5,82.5
2025-01-16,Avondale,Cake_Slice,101,0.8,80.8
2025-01-16,Chitungwiza,Bread_Standard,130,1.0,130.0
2025-01-16,Chitungwiza,Bread_Premium,134,1.4,187.6
2025-01-16,Chitungwiza,Buns_6pk,204,1.1,224.4
2025-01-16,Chitungwiza,Rolls_6pk,154,1.0,154.0
2025-01-16,Chitungwiza,Doughnut,194,0.5,97.0
2025-01-16,Chitungwiza,Cake_Slice,95,0.8,76.0
2025-01-17,Harare_Main,Bread_Standard,66,1.0,66.0
2025-01-17,Harare_Main,Bread_Premium,144,1.4,201.6
2025-01-17,Harare_Main,Buns_6pk,174,1.1,191.4
2025-01-17,Harare_Main,Rolls_6pk,151,1.0,151.0
2025-01-17,Harare_Main,Doughnut,102,0.5,51.0
2025-01-17,Harare_Main,Cake_Slice,94,0.8,75.2
2025-01-17,Harare_North,Bread_Standard,139,1.0,139.0
2025-01-17,Harare_North,Bread_Premium,117,1.4,163.8
2025-01-17,Harare_North,Buns_6pk,158,1.1,173.8
2025-01-17,Harare_North,Rolls_6pk,120,1.0,120.0
2025-01-17,Harare_North,Doughnut,102,0.5,51.0
2025-01-17,Harare_North,Cake_Slice,204,0.8,163.2
2025-01-17,Borrowdale,Bread_Standard,111,1.0,111.0
2025-01-17,Borrowdale,Bread_Premium,210,1.4,294.0
2025-01-17,Borrowdale,Buns_6pk,98,1.1,107.8
2025-01-17,Borrowdale,Rolls_6pk,185,1.0,185.0
2025-01-17,Borrowdale,Doughnut,99,0.5,49.5
2025-01-17,Borrowdale,Cake_Slice,139,0.8,111.2
2025-01-17,Avondale,Bread_Standard,120,1.0,120.0
2025-01-17,Avondale,Bread_Premium,104,1.4,145.6
2025-01-17,Avondale,Buns_6pk,146,1.1,160.6
2025-01-17,Avondale,Rolls_6pk,197,1.0,197.0
2025-01-17,Avondale,Doughnut,182,0.5,91.0
2025-01-17,Avondale,Cake_Slice,175,0.8,140.0
2025-01-17,Chitungwiza,Bread_Standard,102,1.0,102.0
2025-01-17,Chitungwiza,Bread_Premium,165,1.4,231.0
2025-01-17,Chitungwiza,Buns_6pk,175,1.1,192.5
2025-01-17,Chitungwiza,Rolls_6pk,139,1.0,139.0
2025-01-17,Chitungwiza,Doughnut,141,0.5,70.5
2025-01-17,Chitungwiza,Cake_Slice,88,0.8,70.4
2025-01-18,Harare_Main,Bread_Standard,226,1.0,226.0
2025-01-18,Harare_Main,Bread_Premium,238,1.4,333.2
2025-01-18,Harare_Main,Buns_6pk,203,1.1,223.3
2025-01-18,Harare_Main,Rolls_6pk,150,1.0,150.0
2025-01-18,Harare_Main,Doughnut,240,0.5,120.0
2025-01-18,Harare_Main,Cake_Slice,221,0.8,176.8
2025-01-18,Harare_North,Bread_Standard,101,1.0,101.0
2025-01-18,Harare_North,Bread_Premium,267,1.4,373.8
2025-01-18,Harare_North,Buns_6pk,285,1.1,313.5
2025-01-18,Harare_North,Rolls_6pk,124,1.0,124.0
2025-01-18,Harare_North,Doughnut,143,0.5,71.5
2025-01-18,Harare_North,Cake_Slice,119,0.8,95.2
2025-01-18,Borrowdale,Bread_Standard,273,1.0,273.0
2025-01-18,Borrowdale,Bread_Premium,110,1.4,154.0
2025-01-18,Borrowdale,Buns_6pk,234,1.1,257.4
2025-01-18,Borrowdale,Rolls_6pk,213,1.0,213.0
2025-01-18,Borrowdale,Doughnut,162,0.5,81.0
2025-01-18,Borrowdale,Cake_Slice,164,0.8,131.2
2025-01-18,Avondale,Bread_Standard,160,1.0,160.0
2025-01-18,Avondale,Bread_Premium,215,1.4,301.0
2025-01-18,Avondale,Buns_6pk,122,1.1,134.2
2025-01-18,Avondale,Rolls_6pk,248,1.0,248.0
2025-01-18,Avondale,Doughnut,171,0.5,85.5
2025-01-18,Avondale,Cake_Slice,121,0.8,96.8
2025-01-18,Chitungwiza,Bread_Standard,225,1.0,225.0
2025-01-18,Chitungwiza,Bread_Premium,195,1.4,273.0
2025-01-18,Chitungwiza,Buns_6pk,214,1.1,235.4
2025-01-18,Chitungwiza,Rolls_6pk,137,1.0,137.0
2025-01-18,Chitungwiza,Doughnut,179,0.5,89.5
2025-01-18,Chitungwiza,Cake_Slice,180,0.8,144.0
2025-01-19,Harare_Main,Bread_Standard,148,1.0,148.0
2025-01-19,Harare_Main,Bread_Premium,262,1.4,366.8
2025-01-19,Harare_Main,Buns_6pk,268,1.1,294.8
2025-01-19,Harare_Main,Rolls_6pk,243,1.0,243.0
2025-01-19,Harare_Main,Doughnut,98,0.5,49.0
2025-01-19,Harare_Main,Cake_Slice,122,0.8,97.6
2025-01-19,Harare_North,Bread_Standard,211,1.0,211.0
2025-01-19,Harare_North,Bread_Premium,167,1.4,233.8
2025-01-19,Harare_North,Buns_6pk,216,1.1,237.6
2025-01-19,Harare_North,Rolls_6pk,114,1.0,114.0
2025-01-19,Harare_North,Doughnut,107,0.5,53.5
2025-01-19,Harare_North,Cake_Slice,106,0.8,84.8
2025-01-19,Borrowdale,Bread_Standard,170,1.0,170.0
2025-01-19,Borrowdale,Bread_Premium,214,1.4,299.6
2025-01-19,Borrowdale,Buns_6pk,128,1.1,140.8
2025-01-19,Borrowdale,Rolls_6pk,177,1.0,177.0
2025-01-19,Borrowdale,Doughnut,154,0.5,77.0
2025-01-19,Borrowdale,Cake_Slice,137,0.8,109.6
2025-01-19,Avondale,Bread_Standard,219,1.0,219.0
2025-01-19,Avondale,Bread_Premium,153,1.4,214.2
2025-01-19,Avondale,Buns_6pk,197,1.1,216.7
2025-01-19,Avondale,Rolls_6pk,219,1.0,219.0
2025-01-19,Avondale,Doughnut,175,0.5,87.5
2025-01-19,Avondale,Cake_Slice,172,0.8,137.6
2025-01-19,Chitungwiza,Bread_Standard,97,1.0,97.0
2025-01-19,Chitungwiza,Bread_Premium,136,1.4,190.4
2025-01-19,Chitungwiza,Buns_6pk,104,1.1,114.4
2025-01-19,Chitungwiza,Rolls_6pk,267,1.0,267.0
2025-01-19,Chitungwiza,Doughnut,252,0.5,126.0
2025-01-19,Chitungwiza,Cake_Slice,204,0.8,163.2
2025-01-20,Harare_Main,Bread_Standard,169,1.0,169.0
2025-01-20,Harare_Main,Bread_Premium,91,1.4,127.4
2025-01-20,Harare_Main,Buns_6pk,165,1.1,181.5
2025-01-20,Harare_Main,Rolls_6pk,91,1.0,91.0
2025-01-20,Harare_Main,Doughnut,180,0.5,90.0
2025-01-20,Harare_Main,Cake_Slice,141,0.8,112.8
2025-01-20,Harare_North,Bread_Standard,152,1.0,152.0
2025-01-20,Harare_North,Bread_Premium,149,1.4,208.6
2025-01-20,Harare_North,Buns_6pk,113,1.1,124.3
2025-01-20,Harare_North,Rolls_6pk,127,1.0,127.0
2025-01-20,Harare_North,Doughnut,112,0.5,56.0
2025-01-20,Harare_North,Cake_Slice,88,0.8,70.4
2025-01-20,Borrowdale,Bread_Standard,127,1.0,127.0
2025-01-20,Borrowdale,Bread_Premium,133,1.4,186.2
2025-01-20,Borrowdale,Buns_6pk,180,1.1,198.0
2025-01-20,Borrowdale,Rolls_6pk,244,1.0,244.0
2025-01-20,Borrowdale,Doughnut,197,0.5,98.5
2025-01-20,Borrowdale,Cake_Slice,179,0.8,143.2
2025-01-20,Avondale,Bread_Standard,83,1.0,83.0
2025-01-20,Avondale,Bread_Premium,189,1.4,264.6
2025-01-20,Avondale,Buns_6pk,112,1.1,123.2
2025-01-20,Avondale,Rolls_6pk,137,1.0,137.0
2025-01-20,Avondale,Doughnut,173,0.5,86.5
2025-01-20,Avondale,Cake_Slice,120,0.8,96.0
2025-01-20,Chitungwiza,Bread_Standard,154,1.0,154.0
2025-01-20,Chitungwiza,Bread_Premium,82,1.4,114.8
2025-01-20,Chitungwiza,Buns_6pk,120,1.1,132.0
2025-01-20,Chitungwiza,Rolls_6pk,176,1.0,176.0
2025-01-20,Chitungwiza,Doughnut,155,0.5,77.5
2025-01-20,Chitungwiza,Cake_Slice,178,0.8,142.4
2025-01-21,Harare_Main,Bread_Standard,198,1.0,198.0
2025-01-21,Harare_Main,Bread_Premium,145,1.4,203.0
2025-01-21,Harare_Main,Buns_6pk,162,1.1,178.2
2025-01-21,Harare_Main,Rolls_6pk,163,1.0,163.0
2025-01-21,Harare_Main,Doughnut,92,0.5,46.0
2025-01-21,Harare_Main,Cake_Slice,199,0.8,159.2
2025-01-21,Harare_North,Bread_Standard,162,1.0,162.0
2025-01-21,Harare_North,Bread_Premium,108,1.4,151.2
2025-01-21,Harare_North,Buns_6pk,182,1.1,200.2
2025-01-21,Harare_North,Rolls_6pk,75,1.0,75.0
2025-01-21,Harare_North,Doughnut,187,0.5,93.5
2025-01-21,Harare_North,Cake_Slice,181,0.8,144.8
2025-01-21,Borrowdale,Bread_Standard,102,1.0,102.0
2025-01-21,Borrowdale,Bread_Premium,175,1.4,245.0
2025-01-21,Borrowdale,Buns_6pk,125,1.1,137.5
2025-01-21,Borrowdale,Rolls_6pk,74,1.0,74.0
2025-01-21,Borrowdale,Doughnut,133,0.5,66.5
2025-01-21,Borrowdale,Cake_Slice,181,0.8,144.8
2025-01-21,Avondale,Bread_Standard,216,1.0,216.0
2025-01-21,Avondale,Bread_Premium,128,1.4,179.2
2025-01-21,Avondale,Buns_6pk,208,1.1,228.8
2025-01-21,Avondale,Rolls_6pk,199,1.0,199.0
2025-01-21,Avondale,Doughnut,147,0.5,73.5
2025-01-21,Avondale,Cake_Slice,190,0.8,152.0
2025-01-21,Chitungwiza,Bread_Standard,153,1.0,153.0
2025-01-21,Chitungwiza,Bread_Premium,186,1.4,260.4
2025-01-21,Chitungwiza,Buns_6pk,155,1.1,170.5
2025-01-21,Chitungwiza,Rolls_6pk,201,1.0,201.0
2025-01-21,Chitungwiza,Doughnut,113,0.5,56.5
2025-01-21,Chitungwiza,Cake_Slice,128,0.8,102.4
2025-01-22,Harare_Main,Bread_Standard,95,1.0,95.0
2025-01-22,Harare_Main,Bread_Premium,193,1.4,270.2
2025-01-22,Harare_Main,Buns_6pk,181,1.1,199.1
2025-01-22,Harare_Main,Rolls_6pk,103,1.0,103.0
2025-01-22,Harare_Main,Doughnut,129,0.5,64.5
2025-01-22,Harare_Main,Cake_Slice,184,0.8,147.2
2025-01-22,Harare_North,Bread_Standard,81,1.0,81.0
2025-01-22,Harare_North,Bread_Premium,184,1.4,257.6
2025-01-22,Harare_North,Buns_6pk,130,1.1,143.0
2025-01-22,Harare_North,Rolls_6pk,99,1.0,99.0
2025-01-22,Harare_North,Doughnut,108,0.5,54.0
2025-01-22,Harare_North,Cake_Slice,189,0.8,151.2
2025-01-22,Borrowdale,Bread_Standard,192,1.0,192.0
2025-01-22,Borrowdale,Bread_Premium,139,1.4,194.6
2025-01-22,Borrowdale,Buns_6pk,120,1.1,132.0
2025-01-22,Borrowdale,Rolls_6pk,121,1.0,121.0
2025-01-22,Borrowdale,Doughnut,189,0.5,94.5
2025-01-22,Borrowdale,Cake_Slice,195,0.8,156.0
2025-01-22,Avondale,Bread_Standard,224,1.0,224.0
2025-01-22,Avondale,Bread_Premium,99,1.4,138.6
2025-01-22,Avondale,Buns_6pk,112,1.1,123.2
2025-01-22,Avondale,Rolls_6pk,76,1.0,76.0
2025-01-22,Avondale,Doughnut,158,0.5,79.0
2025-01-22,Avondale,Cake_Slice,104,0.8,83.2
2025-01-22,Chitungwiza,Bread_Standard,123,1.0,123.0
2025-01-22,Chitungwiza,Bread_Premium,133,1.4,186.2
2025-01-22,Chitungwiza,Buns_6pk,109,1.1,119.9
2025-01-22,Chitungwiza,Rolls_6pk,199,1.0,199.0
2025-01-22,Chitungwiza,Doughnut,86,0.5,43.0
2025-01-22,Chitungwiza,Cake_Slice,164,0.8,131.2
2025-01-23,Harare_Main,Bread_Standard,104,1.0,104.0
2025-01-23,Harare_Main,Bread_Premium,131,1.4,183.4
2025-01-23,Harare_Main,Buns_6pk,164,1.1,180.4
2025-01-23,Harare_Main,Rolls_6pk,177,1.0,177.0
2025-01-23,Harare_Main,Doughnut,142,0.5,71.0
2025-01-23,Harare_Main,Cake_Slice,195,0.8,156.0
2025-01-23,Harare_North,Bread_Standard,175,1.0,175.0
2025-01-23,Harare_North,Bread_Premium,152,1.4,212.8
2025-01-23,Harare_North,Buns_6pk,117,1.1,128.7
2025-01-23,Harare_North,Rolls_6pk,212,1.0,212.0
2025-01-23,Harare_North,Doughnut,93,0.5,46.5
2025-01-23,Harare_North,Cake_Slice,99,0.8,79.2
2025-01-23,Borrowdale,Bread_Standard,197,1.0,197.0
2025-01-23,Borrowdale,Bread_Premium,116,1.4,162.4
2025-01-23,Borrowdale,Buns_6pk,109,1.1,119.9
2025-01-23,Borrowdale,Rolls_6pk,143,1.0,143.0
2025-01-23,Borrowdale,Doughnut,116,0.5,58.0
2025-01-23,Borrowdale,Cake_Slice,76,0.8,60.8
2025-01-23,Avondale,Bread_Standard,96,1.0,96.0
2025-01-23,Avondale,Bread_Premium,163,1.4,228.2
2025-01-23,Avondale,Buns_6pk,133,1.1,146.3
2025-01-23,Avondale,Rolls_6pk,109,1.0,109.0
2025-01-23,Avondale,Doughnut,182,0.5,91.0
2025-01-23,Avondale,Cake_Slice,171,0.8,136.8
2025-01-23,Chitungwiza,Bread_Standard,102,1.0,102.0
2025-01-23,Chitungwiza,Bread_Premium,123,1.4,172.2
2025-01-23,Chitungwiza,Buns_6pk,146,1.1,160.6
2025-01-23,Chitungwiza,Rolls_6pk,122,1.0,122.0
2025-01-23,Chitungwiza,Doughnut,76,0.5,38.0
2025-01-23,Chitungwiza,Cake_Slice,119,0.8,95.2
2025-01-24,Harare_Main,Bread_Standard,214,1.0,214.0
2025-01-24,Harare_Main,Bread_Premium,154,1.4,215.6
2025-01-24,Harare_Main,Buns_6pk,99,1.1,108.9
2025-01-24,Harare_Main,Rolls_6pk,114,1.0,114.0
2025-01-24,Harare_Main,Doughnut,84,0.5,42.0
2025-01-24,Harare_Main,Cake_Slice,172,0.8,137.6
2025-01-24,Harare_North,Bread_Standard,123,1.0,123.0
2025-01-24,Harare_North,Bread_Premium,71,1.4,99.4
2025-01-24,Harare_North,Buns_6pk,127,1.1,139.7
2025-01-24,Harare_North,Rolls_6pk,209,1.0,209.0
2025-01-24,Harare_North,Doughnut,190,0.5,95.0
2025-01-24,Harare_North,Cake_Slice,170,0.8,136.0
2025-01-24,Borrowdale,Bread_Standard,163,1.0,163.0
2025-01-24,Borrowdale,Bread_Premium,173,1.4,242.2
2025-01-24,Borrowdale,Buns_6pk,201,1.1,221.1
2025-01-24,Borrowdale,Rolls_6pk,153,1.0,153.0
2025-01-24,Borrowdale,Doughnut,157,0.5,78.5
2025-01-24,Borrowdale,Cake_Slice,176,0.8,140.8
2025-01-24,Avondale,Bread_Standard,77,1.0,77.0
2025-01-24,Avondale,Bread_Premium,118,1.4,165.2
2025-01-24,Avondale,Buns_6pk,116,1.1,127.6
2025-01-24,Avondale,Rolls_6pk,89,1.0,89.0
2025-01-24,Avondale,Doughnut,161,0.5,80.5
2025-01-24,Avondale,Cake_Slice,201,0.8,160.8
2025-01-24,Chitungwiza,Bread_Standard,141,1.0,141.0
2025-01-24,Chitungwiza,Bread_Premium,141,1.4,197.4
2025-01-24,Chitungwiza,Buns_6pk,116,1.1,127.6
2025-01-24,Chitungwiza,Rolls_6pk,180,1.0,180.0
2025-01-24,Chitungwiza,Doughnut,201,0.5,100.5
2025-01-24,Chitungwiza,Cake_Slice,78,0.8,62.4
2025-01-25,Harare_Main,Bread_Standard,207,1.0,207.0
2025-01-25,Harare_Main,Bread_Premium,246,1.4,344.4
2025-01-25,Harare_Main,Buns_6pk,158,1.1,173.8
2025-01-25,Harare_Main,Rolls_6pk,169,1.0,169.0
2025-01-25,Harare_Main,Doughnut,176,0.5,88.0
2025-01-25,Harare_Main,Cake_Slice,218,0.8,174.4
2025-01-25,Harare_North,Bread_Standard,157,1.0,157.0
2025-01-25,Harare_North,Bread_Premium,153,1.4,214.2
2025-01-25,Harare_North,Buns_6pk,165,1.1,181.5
2025-01-25,Harare_North,Rolls_6pk,211,1.0,211.0
2025-01-25,Harare_North,Doughnut,150,0.5,75.0
2025-01-25,Harare_North,Cake_Slice,201,0.8,160.8
2025-01-25,Borrowdale,Bread_Standard,128,1.0,128.0
2025-01-25,Borrowdale,Bread_Premium,121,1.4,169.4
2025-01-25,Borrowdale,Buns_6pk,184,1.1,202.4
2025-01-25,Borrowdale,Rolls_6pk,184,1.0,184.0
2025-01-25,Borrowdale,Doughnut,240,0.5,120.0
2025-01-25,Borrowdale,Cake_Slice,158,0.8,126.4
2025-01-25,Avondale,Bread_Standard,223,1.0,223.0
2025-01-25,Avondale,Bread_Premium,242,1.4,338.8
2025-01-25,Avondale,Buns_6pk,244,1.1,268.4
2025-01-25,Avondale,Rolls_6pk,133,1.0,133.0
2025-01-25,Avondale,Doughnut,186,0.5,93.0
2025-01-25,Avondale,Cake_Slice,195,0.8,156.0
2025-01-25,Chitungwiza,Bread_Standard,148,1.0,148.0
2025-01-25,Chitungwiza,Bread_Premium,184,1.4,257.6
2025-01-25,Chitungwiza,Buns_6pk,207,1.1,227.7
2025-01-25,Chitungwiza,Rolls_6pk,237,1.0,237.0
2025-01-25,Chitungwiza,Doughnut,112,0.5,56.0
2025-01-25,Chitungwiza,Cake_Slice,154,0.8,123.2
2025-01-26,Harare_Main,Bread_Standard,181,1.0,181.0
2025-01-26,Harare_Main,Bread_Premium,120,1.4,168.0
2025-01-26,Harare_Main,Buns_6pk,173,1.1,190.3
2025-01-26,Harare_Main,Rolls_6pk,210,1.0,210.0
2025-01-26,Harare_Main,Doughnut,183,0.5,91.5
2025-01-26,Harare_Main,Cake_Slice,214,0.8,171.2
2025-01-26,Harare_North,Bread_Standard,206,1.0,206.0
2025-01-26,Harare_North,Bread_Premium,155,1.4,217.0
2025-01-26,Harare_North,Buns_6pk,199,1.1,218.9
2025-01-26,Harare_North,Rolls_6pk,188,1.0,188.0
2025-01-26,Harare_North,Doughnut,183,0.5,91.5
2025-01-26,Harare_North,Cake_Slice,204,0.8,163.2
2025-01-26,Borrowdale,Bread_Standard,138,1.0,138.0
2025-01-26,Borrowdale,Bread_Premium,194,1.4,271.6
2025-01-26,Borrowdale,Buns_6pk,187,1.1,205.7
2025-01-26,Borrowdale,Rolls_6pk,206,1.0,206.0
2025-01-26,Borrowdale,Doughnut,234,0.5,117.0
2025-01-26,Borrowdale,Cake_Slice,235,0.8,188.0
2025-01-26,Avondale,Bread_Standard,188,1.0,188.0
2025-01-26,Avondale,Bread_Premium,138,1.4,193.2
2025-01-26,Avondale,Buns_6pk,186,1.1,204.6
2025-01-26,Avondale,Rolls_6pk,112,1.0,112.0
2025-01-26,Avondale,Doughnut,145,0.5,72.5
2025-01-26,Avondale,Cake_Slice,194,0.8,155.2
2025-01-26,Chitungwiza,Bread_Standard,197,1.0,197.0
2025-01-26,Chitungwiza,Bread_Premium,216,1.4,302.4
2025-01-26,Chitungwiza,Buns_6pk,196,1.1,215.6
2025-01-26,Chitungwiza,Rolls_6pk,137,1.0,137.0
2025-01-26,Chitungwiza,Doughnut,111,0.5,55.5
2025-01-26,Chitungwiza,Cake_Slice,245,0.8,196.0
2025-01-27,Harare_Main,Bread_Standard,163,1.0,163.0
2025-01-27,Harare_Main,Bread_Premium,113,1.4,158.2
2025-01-27,Harare_Main,Buns_6pk,171,1.1,188.1
2025-01-27,Harare_Main,Rolls_6pk,129,1.0,129.0
2025-01-27,Harare_Main,Doughnut,110,0.5,55.0
2025-01-27,Harare_Main,Cake_Slice,197,0.8,157.6
2025-01-27,Harare_North,Bread_Standard,91,1.0,91.0
2025-01-27,Harare_North,Bread_Premium,116,1.4,162.4
2025-01-27,Harare_North,Buns_6pk,79,1.1,86.9
2025-01-27,Harare_North,Rolls_6pk,83,1.0,83.0
2025-01-27,Harare_North,Doughnut,133,0.5,66.5
2025-01-27,Harare_North,Cake_Slice,124,0.8,99.2
2025-01-27,Borrowdale,Bread_Standard,176,1.0,176.0
2025-01-27,Borrowdale,Bread_Premium,179,1.4,250.6
2025-01-27,Borrowdale,Buns_6pk,195,1.1,214.5
2025-01-27,Borrowdale,Rolls_6pk,105,1.0,105.0
2025-01-27,Borrowdale,Doughnut,147,0.5,73.5
2025-01-27,Borrowdale,Cake_Slice,146,0.8,116.8
2025-01-27,Avondale,Bread_Standard,205,1.0,205.0
2025-01-27,Avondale,Bread_Premium,147,1.4,205.8
2025-01-27,Avondale,Buns_6pk,123,1.1,135.3
2025-01-27,Avondale,Rolls_6pk,91,1.0,91.0
2025-01-27,Avondale,Doughnut,184,0.5,92.0
2025-01-27,Avondale,Cake_Slice,169,0.8,135.2
2025-01-27,Chitungwiza,Bread_Standard,137,1.0,137.0
2025-01-27,Chitungwiza,Bread_Premium,146,1.4,204.4
2025-01-27,Chitungwiza,Buns_6pk,124,1.1,136.4
2025-01-27,Chitungwiza,Rolls_6pk,117,1.0,117.0
2025-01-27,Chitungwiza,Doughnut,102,0.5,51.0
2025-01-27,Chitungwiza,Cake_Slice,148,0.8,118.4
2025-01-28,Harare_Main,Bread_Standard,148,1.0,148.0
2025-01-28,Harare_Main,Bread_Premium,89,1.4,124.6
2025-01-28,Harare_Main,Buns_6pk,196,1.1,215.6
2025-01-28,Harare_Main,Rolls_6pk,180,1.0,180.0
2025-01-28,Harare_Main,Doughnut,184,0.5,92.0
2025-01-28,Harare_Main,Cake_Slice,180,0.8,144.0
2025-01-28,Harare_North,Bread_Standard,204,1.0,204.0
2025-01-28,Harare_North,Bread_Premium,100,1.4,140.0
2025-01-28,Harare_North,Buns_6pk,212,1.1,233.2
2025-01-28,Harare_North,Rolls_6pk,128,1.0,128.0
2025-01-28,Harare_North,Doughnut,102,0.5,51.0
2025-01-28,Harare_North,Cake_Slice,100,0.8,80.0
2025-01-28,Borrowdale,Bread_Standard,201,1.0,201.0
2025-01-28,Borrowdale,Bread_Premium,165,1.4,231.0
2025-01-28,Borrowdale,Buns_6pk,153,1.1,168.3
2025-01-28,Borrowdale,Rolls_6pk,143,1.0,143.0
2025-01-28,Borrowdale,Doughnut,95,0.5,47.5
2025-01-28,Borrowdale,Cake_Slice,154,0.8,123.2
2025-01-28,Avondale,Bread_Standard,115,1.0,115.0
2025-01-28,Avondale,Bread_Premium,200,1.4,280.0
2025-01-28,Avondale,Buns_6pk,190,1.1,209.0
2025-01-28,Avondale,Rolls_6pk,100,1.0,100.0
2025-01-28,Avondale,Doughnut,130,0.5,65.0
2025-01-28,Avondale,Cake_Slice,97,0.8,77.6
2025-01-28,Chitungwiza,Bread_Standard,154,1.0,154.0
2025-01-28,Chitungwiza,Bread_Premium,150,1.4,210.0
2025-01-28,Chitungwiza,Buns_6pk,177,1.1,194.7
2025-01-28,Chitungwiza,Rolls_6pk,145,1.0,145.0
2025-01-28,Chitungwiza,Doughnut,145,0.5,72.5
2025-01-28,Chitungwiza,Cake_Slice,136,0.8,108.8
2025-01-29,Harare_Main,Bread_Standard,123,1.0,123.0
2025-01-29,Harare_Main,Bread_Premium,181,1.4,253.4
2025-01-29,Harare_Main,Buns_6pk,199,1.1,218.9
2025-01-29,Harare_Main,Rolls_6pk,120,1.0,120.0
2025-01-29,Harare_Main,Doughnut,172,0.5,86.0
2025-01-29,Harare_Main,Cake_Slice,187,0.8,149.6
2025-01-29,Harare_North,Bread_Standard,158,1.0,158.0
2025-01-29,Harare_North,Bread_Premium,187,1.4,261.8
2025-01-29,Harare_North,Buns_6pk,136,1.1,149.6
2025-01-29,Harare_North,Rolls_6pk,127,1.0,127.0
2025-01-29,Harare_North,Doughnut,176,0.5,88.0
2025-01-29,Harare_North,Cake_Slice,214,0.8,171.2
2025-01-29,Borrowdale,Bread_Standard,137,1.0,137.0
2025-01-29,Borrowdale,Bread_Premium,136,1.4,190.4
2025-01-29,Borrowdale,Buns_6pk,176,1.1,193.6
2025-01-29,Borrowdale,Rolls_6pk,107,1.0,107.0
2025-01-29,Borrowdale,Doughnut,173,0.5,86.5
2025-01-29,Borrowdale,Cake_Slice,201,0.8,160.8
2025-01-29,Avondale,Bread_Standard,144,1.0,144.0
2025-01-29,Avondale,Bread_Premium,146,1.4,204.4
2025-01-29,Avondale,Buns_6pk,139,1.1,152.9
2025-01-29,Avondale,Rolls_6pk,148,1.0,148.0
2025-01-29,Avondale,Doughnut,103,0.5,51.5
2025-01-29,Avondale,Cake_Slice,208,0.8,166.4
2025-01-29,Chitungwiza,Bread_Standard,152,1.0,152.0
2025-01-29,Chitungwiza,Bread_Premium,113,1.4,158.2
2025-01-29,Chitungwiza,Buns_6pk,152,1.1,167.2
2025-01-29,Chitungwiza,Rolls_6pk,140,1.0,140.0
2025-01-29,Chitungwiza,Doughnut,165,0.5,82.5
2025-01-29,Chitungwiza,Cake_Slice,143,0.8,114.4
2025-01-30,Harare_Main,Bread_Standard,154,1.0,154.0
2025-01-30,Harare_Main,Bread_Premium,131,1.4,183.4
2025-01-30,Harare_Main,Buns_6pk,112,1.1,123.2
2025-01-30,Harare_Main,Rolls_6pk,127,1.0,127.0
2025-01-30,Harare_Main,Doughnut,80,0.5,40.0
2025-01-30,Harare_Main,Cake_Slice,170,0.8,136.0
2025-01-30,Harare_North,Bread_Standard,119,1.0,119.0
2025-01-30,Harare_North,Bread_Premium,95,1.4,133.0
2025-01-30,Harare_North,Buns_6pk,105,1.1,115.5
2025-01-30,Harare_North,Rolls_6pk,135,1.0,135.0
2025-01-30,Harare_North,Doughnut,121,0.5,60.5
2025-01-30,Harare_North,Cake_Slice,211,0.8,168.8
2025-01-30,Borrowdale,Bread_Standard,126,1.0,126.0
2025-01-30,Borrowdale,Bread_Premium,91,1.4,127.4
2025-01-30,Borrowdale,Buns_6pk,96,1.1,105.6
2025-01-30,Borrowdale,Rolls_6pk,111,1.0,111.0
2025-01-30,Borrowdale,Doughnut,108,0.5,54.0
2025-01-30,Borrowdale,Cake_Slice,134,0.8,107.2
2025-01-30,Avondale,Bread_Standard,142,1.0,142.0
2025-01-30,Avondale,Bread_Premium,109,1.4,152.6
2025-01-30,Avondale,Buns_6pk,157,1.1,172.7
2025-01-30,Avondale,Rolls_6pk,95,1.0,95.0
2025-01-30,Avondale,Doughnut,95,0.5,47.5
2025-01-30,Avondale,Cake_Slice,122,0.8,97.6
2025-01-30,Chitungwiza,Bread_Standard,123,1.0,123.0
2025-01-30,Chitungwiza,Bread_Premium,121,1.4,169.4
2025-01-30,Chitungwiza,Buns_6pk,150,1.1,165.0
2025-01-30,Chitungwiza,Rolls_6pk,122,1.0,122.0
2025-01-30,Chitungwiza,Doughnut,145,0.5,72.5
2025-01-30,Chitungwiza,Cake_Slice,78,0.8,62.4
2025-01-31,Harare_Main,Bread_Standard,99,1.0,99.0
2025-01-31,Harare_Main,Bread_Premium,189,1.4,264.6
2025-01-31,Harare_Main,Buns_6pk,144,1.1,158.4
2025-01-31,Harare_Main,Rolls_6pk,148,1.0,148.0
2025-01-31,Harare_Main,Doughnut,179,0.5,89.5
2025-01-31,Harare_Main,Cake_Slice,190,0.8,152.0
2025-01-31,Harare_North,Bread_Standard,139,1.0,139.0
2025-01-31,Harare_North,Bread_Premium,156,1.4,218.4
2025-01-31,Harare_North,Buns_6pk,86,1.1,94.6
2025-01-31,Harare_North,Rolls_6pk,187,1.0,187.0
2025-01-31,Harare_North,Doughnut,169,0.5,84.5
2025-01-31,Harare_North,Cake_Slice,190,0.8,152.0
2025-01-31,Borrowdale,Bread_Standard,158,1.0,158.0
2025-01-31,Borrowdale,Bread_Premium,144,1.4,201.6
2025-01-31,Borrowdale,Buns_6pk,128,1.1,140.8
2025-01-31,Borrowdale,Rolls_6pk,81,1.0,81.0
2025-01-31,Borrowdale,Doughnut,209,0.5,104.5
2025-01-31,Borrowdale,Cake_Slice,106,0.8,84.8
2025-01-31,Avondale,Bread_Standard,107,1.0,107.0
2025-01-31,Avondale,Bread_Premium,190,1.4,266.0
2025-01-31,Avondale,Buns_6pk,136,1.1,149.6
2025-01-31,Avondale,Rolls_6pk,188,1.0,188.0
2025-01-31,Avondale,Doughnut,192,0.5,96.0
2025-01-31,Avondale,Cake_Slice,186,0.8,148.8
2025-01-31,Chitungwiza,Bread_Standard,127,1.0,127.0
2025-01-31,Chitungwiza,Bread_Premium,156,1.4,218.4
2025-01-31,Chitungwiza,Buns_6pk,155,1.1,170.5
2025-01-31,Chitungwiza,Rolls_6pk,158,1.0,158.0
2025-01-31,Chitungwiza,Doughnut,147,0.5,73.5
2025-01-31,Chitungwiza,Cake_Slice,188,0.8,150.4
